nama;rating;tanggal;ulasan
Bartoven V. N.;10;18-Nov-22;Dekat dengan Mall Tunjungan, anak anak senang sekali cukup jalan kaki saja, hotel kamar bersih dan luas.
Banina F.;10;12-Nov-22;Setiap ke Surabaya pasti pilihan utamanya di sini, tempatnya aman nyaman. Sarapannya juga lengkap, jajanan di sekitar hotel juga banyak. Staff juga sigap dan ramah banget.
Ayu B. E.;10;11-Sep-22;Hotel terbaik di kelasnya sangat puas atas pelayanan hotel, kebersihan hotel dan menu masakan hotel. Pesan kamar dapat view TP lantai 16-18. Next bakal ke sini lagi.
Ida t.;10;20-Jun-22;Sudah ke berapa kalinya menginap di sini, karena pelayanan sangat baik kami dibantu untuk parkir sehingga kami memutuskan untuk extend menginap 1 hari lagi, pilih di sini karena dekat dengan TP Mall dan Jalan Tunjungan sangat strategis. Makanannya enak dan wafflenya menurutku paling enak, viewnya dari dalam kamar bagus terutama saat malam, housekeepingnya meski kami tidak memesan ditawarkan buang sampah, tambah tisu dan ganti handuk, pelayanannya oke, TV channelnya bagus cocok untuk staycation.
Ira I. A.;10;26-Mar-22;Happy banget, bisa ngerayain first wedding anniversary dan staycation di midtown hotel surabaya. Staff nya ramah semua, mulai dari security, resepsionis, staff resto. Puas bangett staycation di sini. Breakfast nya enak banget, banyak pilihan menunya. Permintaan khususnya lengkap, tersedia semua, art towel sampai slice cake. Terus dapat free pisang goreng keju juga. Asli, ngga nyesel sama sekali staycation di midtown hotel surabaya.
intan h.;10;02-Feb-22;Seneng nginep di Hotel Midtown udah kamarnya luas pelayanannya pun memuaskan petugasnya ramah-ramah dan tambah sarapan enak-enak next time nginep di Midtown lagi bareng keluarga.
Eva C.;10;22-Nov-21;Pertama kali ke Surabaya dan ga nyesel stay di sini. Lokasi deket banget sama Tunjungan Plaza, kalau naik kendaraan ga sampai 1 menit, dekat Alfamart juga. Kamar bersih, jendela luas, shower air hangat cepet ga perlu nunggu berapa saat dulu baru hangat dan yang paling penting staffnya ramah banget.
Nisa S.;10;10-Oct-21;Viewnya keren, di pusat kota, deket banget ke mall TP, harga murah tapi fasilitas oke banget, Thanks Midtown
shelyn s. s.;10;04-Oct-21;Senang sekali menginap di hotel Midtown, akses ke Tunjungan Plaza dekett banget tinggal jalan kaki aja, mau kemana mana juga deket karena lokasinya di tengah kota. Semua staf yang bertugas di hotel ini ramah ke pengunjung dan pelayanannya sangat baik, kamar nya bersih & nyaman, fasilitas kamar lengkap. Kamar sesuai dengan request saya, city view nyaa bagus banget apalagi pas malam. Breakfast nya juga banyak pilihanya. Next time ke surabaya bareng keluarga bakal stay lagi di Midtown?
Faradilla N. S.;9.7;05-Mar-23;Ga usah ragu kalo mau ke sini, wajib dan gak nyesel dijamin deh. ????.
Bartoven V. N.;10;18-Nov-22;Dekat dengan Mall Tunjungan, anak anak senang sekali cukup jalan kaki saja, hotel kamar bersih dan luas.
Banina F.;10;12-Nov-22;Setiap ke Surabaya pasti pilihan utamanya di sini, tempatnya aman nyaman. Sarapannya juga lengkap, jajanan di sekitar hotel juga banyak. Staff juga sigap dan ramah banget.
Ayu B. E.;10;11-Sep-22;Hotel terbaik di kelasnya sangat puas atas pelayanan hotel, kebersihan hotel dan menu masakan hotel. Pesan kamar dapat view TP lantai 16-18. Next bakal ke sini lagi.
Ida t.;10;20-Jun-22;Sudah ke berapa kalinya menginap di sini, karena pelayanan sangat baik kami dibantu untuk parkir sehingga kami memutuskan untuk extend menginap 1 hari lagi, pilih di sini karena dekat dengan TP Mall dan Jalan Tunjungan sangat strategis. Makanannya enak dan wafflenya menurutku paling enak, viewnya dari dalam kamar bagus terutama saat malam, housekeepingnya meski kami tidak memesan ditawarkan buang sampah, tambah tisu dan ganti handuk, pelayanannya oke, TV channelnya bagus cocok untuk staycation.
Ira I. A.;10;26-Mar-22;Happy banget, bisa ngerayain first wedding anniversary dan staycation di midtown hotel surabaya. Staff nya ramah semua, mulai dari security, resepsionis, staff resto. Puas bangett staycation di sini. Breakfast nya enak banget, banyak pilihan menunya. Permintaan khususnya lengkap, tersedia semua, art towel sampai slice cake. Terus dapat free pisang goreng keju juga. Asli, ngga nyesel sama sekali staycation di midtown hotel surabaya.
intan h.;10;02-Feb-22;Seneng nginep di Hotel Midtown udah kamarnya luas pelayanannya pun memuaskan petugasnya ramah-ramah dan tambah sarapan enak-enak next time nginep di Midtown lagi bareng keluarga.
Eva C.;10;22-Nov-21;Pertama kali ke Surabaya dan ga nyesel stay di sini. Lokasi deket banget sama Tunjungan Plaza, kalau naik kendaraan ga sampai 1 menit, dekat Alfamart juga. Kamar bersih, jendela luas, shower air hangat cepet ga perlu nunggu berapa saat dulu baru hangat dan yang paling penting staffnya ramah banget.
Nisa S.;10;10-Oct-21;Viewnya keren, di pusat kota, deket banget ke mall TP, harga murah tapi fasilitas oke banget, Thanks Midtown
shelyn s. s.;10;04-Oct-21;Senang sekali menginap di hotel Midtown, akses ke Tunjungan Plaza dekett banget tinggal jalan kaki aja, mau kemana mana juga deket karena lokasinya di tengah kota. Semua staf yang bertugas di hotel ini ramah ke pengunjung dan pelayanannya sangat baik, kamar nya bersih & nyaman, fasilitas kamar lengkap. Kamar sesuai dengan request saya, city view nyaa bagus banget apalagi pas malam. Breakfast nya juga banyak pilihanya. Next time ke surabaya bareng keluarga bakal stay lagi di Midtown?
Faradilla N. S.;9.7;05-Mar-23;Ga usah ragu kalo mau ke sini, wajib dan gak nyesel dijamin deh. ????.
Dewi P. I.;9.7;26-Feb-23;3 kali nginep di sini, yang kedua kali sama suami (17th floor) yang ketiga staycation sama teman-teman di kamar twin bed lantai 15, letaknya di pusat kota dekat apa aja, bisa jalan kaki ke TP, KFC, MCD, Indomaret, dan lain-lain. Review jujur: city view cantek, sarapan enak, kamar nyaman banget, servis dari staf-stafnya bagus, AC dingin, lampu kamar memang ' redup ' tapi bagiku ga masalah, parkiran tidak besar, ada free pinjam sepeda, welkam drink, lobi tidak besar dan intinya enjoy nginep di sini. Thanks.
musmuliadi;9.7;01-Jan-23;Menginap disni dengan pemandangan kota Surabaya dari ketinggian sangat bagus, pelayannanya ramah, kamar bersih, toiletnya bersih, lokasi strategis dekat dengan TP, dan pusat oleh-oleh Surabaya jadi bisa sdkalian blanja oleh oleh dengan jalan kaki, overall menginap disni sangat memuaskan. Next kalau ke Surabaya lagi pengen nginap di sini lagi.
SABINUS N. A.;9.7;11-Oct-22;Kamar bersih rapi dan sangat nyaman.
AM Andu F.;9.7;09-Oct-22;Sangat baik pelayanannya pokoknya overall.
Nurfika A. N. B.;9.7;02-Oct-22;Sangat recommended buat yang liburan bareng keluarga, teman, pasangan. Viewnya sangat bagus, nggak nyesel nginep di sini ??
hanim m.;9.7;26-Sep-22;Sangat bagus kamarnya bisa melihat kota Surabaya dimalam maupun pagi. Dan pelayanannya oke siap siaga dan bersih kamarnya, kamar mandinya pun oke dan View dari kamar bagus buat kaum remaja buat foto foto dari jendela ??
Putri;9.7;26-May-22;Request city view dan dipenuhi, thanks Midtown. Pelayanan ramah, kamar nyaman, layak untuk dicoba.
irfan b.;9.7;25-Apr-22;Tempatnya strategis dan nyaman.
shelyn s. s.;9.7;19-Apr-22;Kedua kalinya nginap di midtown hotel ini, kali ini bareng keluarga dan mereka senang menginap di hotel ini. Sama seperti sebelumnya staff ramah, proses check in cepat gak perlu nunggu lama, kamar sesuai permintaan saya, kamar bersih, view dari kamar sangat bagus, next bakal nginep di sini lagi.
R Moh Z.;9.7;04-Feb-22;Hotel budget di tengah kota yang sangat nyaman dengan city view.
Dewi P. I.;9.7;26-Feb-23;3 kali nginep di sini, yang kedua kali sama suami (17th floor) yang ketiga staycation sama teman-teman di kamar twin bed lantai 15, letaknya di pusat kota dekat apa aja, bisa jalan kaki ke TP, KFC, MCD, Indomaret, dan lain-lain. Review jujur: city view cantek, sarapan enak, kamar nyaman banget, servis dari staf-stafnya bagus, AC dingin, lampu kamar memang ' redup ' tapi bagiku ga masalah, parkiran tidak besar, ada free pinjam sepeda, welkam drink, lobi tidak besar dan intinya enjoy nginep di sini. Thanks.
musmuliadi;9.7;01-Jan-23;Menginap disni dengan pemandangan kota Surabaya dari ketinggian sangat bagus, pelayannanya ramah, kamar bersih, toiletnya bersih, lokasi strategis dekat dengan TP, dan pusat oleh-oleh Surabaya jadi bisa sdkalian blanja oleh oleh dengan jalan kaki, overall menginap disni sangat memuaskan. Next kalau ke Surabaya lagi pengen nginap di sini lagi.
SABINUS N. A.;9.7;11-Oct-22;Kamar bersih rapi dan sangat nyaman.
AM Andu F.;9.7;09-Oct-22;Sangat baik pelayanannya pokoknya overall.
Nurfika A. N. B.;9.7;02-Oct-22;Sangat recommended buat yang liburan bareng keluarga, teman, pasangan. Viewnya sangat bagus, nggak nyesel nginep di sini ??
hanim m.;9.7;26-Sep-22;Sangat bagus kamarnya bisa melihat kota Surabaya dimalam maupun pagi. Dan pelayanannya oke siap siaga dan bersih kamarnya, kamar mandinya pun oke dan View dari kamar bagus buat kaum remaja buat foto foto dari jendela ??
Putri;9.7;26-May-22;Request city view dan dipenuhi, thanks Midtown. Pelayanan ramah, kamar nyaman, layak untuk dicoba.
irfan b.;9.7;25-Apr-22;Tempatnya strategis dan nyaman.
shelyn s. s.;9.7;19-Apr-22;Kedua kalinya nginap di midtown hotel ini, kali ini bareng keluarga dan mereka senang menginap di hotel ini. Sama seperti sebelumnya staff ramah, proses check in cepat gak perlu nunggu lama, kamar sesuai permintaan saya, kamar bersih, view dari kamar sangat bagus, next bakal nginep di sini lagi.
R Moh Z.;9.7;04-Feb-22;Hotel budget di tengah kota yang sangat nyaman dengan city view.
Fami Y.;9.7;24-Jan-22;Hotel tengah kota dan sudah ke 2x kalinya nginep di sini dan gak pernah mengecewakan sih, staff nya ramah, hotel bagus, dan makanannya juga lumayan enak higienis. Prokesnya juga terjaga dengan baik. Sukses & pertahankan semua kualitasnya yang baik-baik.
Victoryya m. j.;9.7;23-Jan-22;Menyenangkan. Pelayanan baik, kamar bersih top.
Thatit O.;9.7;12-Dec-21;Happy, bersih, makanan nya enak, staffnya ramah, ??
Anna A.;9.7;17-Oct-21;Kamar luas, lokasi strategis banget deket restoran mall dan lain-lain, staff ramah, view dari dalam kamar bagus banget, deket sama stasiun juga, pokoknya rekomendasi kalo staycation di Surabaya??
Dian P. M.;9.7;05-Oct-21;Menginap yang menyenangkan. Lokasi strategis. Kamar luas dan bersih. Staff ramah. Ac yang dingin (tau sendiri kan gimana panasnya surabaya). Akan menginap di sini lagi kalau ke surabaya
Dewi W. S.;9.4;03-Apr-22;Suka ama pelayanan Midtown Hotel Surabaya, staff ramah dan helpful. Kasur dan sprei bersih. Kamar mandi juga bersih. Hanya saja ada bercak di dinding seperti bekas tumpahan minuman yang bikin ga enak dilihat (Kamar 915). Breakfast menu nya oke semua. Untuk hotel sekecil Midtown, breakfast nya sudah bagus banget. Dan ada satu lagi, tempat parkir yang sempit dan bau, yang bikin males kalo mau parkir mobil tapi ga mengurangi nilai dari Midtown. Overall akan ke sini lagi kalo ke Surabaya. Makasih Midtown.
Ana H. M.;9.4;20-Nov-21;Bersih wangi desain interiornya juga bagus. Overall puas banget bakal kesini lagi soon!
Amidya P.;9.1;10-Oct-22;Nyaman menginap di hotel ini, bersih kamarnya, dan dekat dengan pusat kota.
Lucia C.;8.8;01-Oct-21;Lokasinya ada di pusat kota dan dekat dengan pusat perbelanjaan, kafe. Suka sekali ada salam sapa dari pegawainya. Tempatnya juga bersih dan bednya luas. Yang perlu di tingkatkan lagi soal service roomnya. Kurang begitu cepat lw bersihin roomnya. Untuk makanan worth it. Next saya staycation di sini lagi??
Lucia C.;8.8;28-Sep-21;Menjadikan Midtown Hotel sebagai tempat staycation adalah pilihan yang tepat. Selain berada di pusat kota juga perbelanjaan kota Surabaya memanjakan qta untuk memenuhi kebutuhan kita. Meski pusat kota namun Surabaya selain ramah lingkungan juga sejuk. Di Midtown yang ku suka salam sapa dari pegawainya yang ramah. Tempatnya lumayan bersih juga rapi layaknya hotel pada umumnya. Di sini yang perlu di tingkatkan adalah room servicenya, sb kurang maximal dalam membersihkan roomnya. Soal makanannya lumayan enak namun variantx kurang banyak. Overall ??
Fami Y.;9.7;24-Jan-22;Hotel tengah kota dan sudah ke 2x kalinya nginep di sini dan gak pernah mengecewakan sih, staff nya ramah, hotel bagus, dan makanannya juga lumayan enak higienis. Prokesnya juga terjaga dengan baik. Sukses & pertahankan semua kualitasnya yang baik-baik.
Victoryya m. j.;9.7;23-Jan-22;Menyenangkan. Pelayanan baik, kamar bersih top.
Thatit O.;9.7;12-Dec-21;Happy, bersih, makanan nya enak, staffnya ramah, ??
Anna A.;9.7;17-Oct-21;Kamar luas, lokasi strategis banget deket restoran mall dan lain-lain, staff ramah, view dari dalam kamar bagus banget, deket sama stasiun juga, pokoknya rekomendasi kalo staycation di Surabaya??
Dian P. M.;9.7;05-Oct-21;Menginap yang menyenangkan. Lokasi strategis. Kamar luas dan bersih. Staff ramah. Ac yang dingin (tau sendiri kan gimana panasnya surabaya). Akan menginap di sini lagi kalau ke surabaya
Dewi W. S.;9.4;03-Apr-22;Suka ama pelayanan Midtown Hotel Surabaya, staff ramah dan helpful. Kasur dan sprei bersih. Kamar mandi juga bersih. Hanya saja ada bercak di dinding seperti bekas tumpahan minuman yang bikin ga enak dilihat (Kamar 915). Breakfast menu nya oke semua. Untuk hotel sekecil Midtown, breakfast nya sudah bagus banget. Dan ada satu lagi, tempat parkir yang sempit dan bau, yang bikin males kalo mau parkir mobil tapi ga mengurangi nilai dari Midtown. Overall akan ke sini lagi kalo ke Surabaya. Makasih Midtown.
Ana H. M.;9.4;20-Nov-21;Bersih wangi desain interiornya juga bagus. Overall puas banget bakal kesini lagi soon!
Amidya P.;9.1;10-Oct-22;Nyaman menginap di hotel ini, bersih kamarnya, dan dekat dengan pusat kota.
Lucia C.;8.8;01-Oct-21;Lokasinya ada di pusat kota dan dekat dengan pusat perbelanjaan, kafe. Suka sekali ada salam sapa dari pegawainya. Tempatnya juga bersih dan bednya luas. Yang perlu di tingkatkan lagi soal service roomnya. Kurang begitu cepat lw bersihin roomnya. Untuk makanan worth it. Next saya staycation di sini lagi??
Lucia C.;8.8;28-Sep-21;Menjadikan Midtown Hotel sebagai tempat staycation adalah pilihan yang tepat. Selain berada di pusat kota juga perbelanjaan kota Surabaya memanjakan qta untuk memenuhi kebutuhan kita. Meski pusat kota namun Surabaya selain ramah lingkungan juga sejuk. Di Midtown yang ku suka salam sapa dari pegawainya yang ramah. Tempatnya lumayan bersih juga rapi layaknya hotel pada umumnya. Di sini yang perlu di tingkatkan adalah room servicenya, sb kurang maximal dalam membersihkan roomnya. Soal makanannya lumayan enak namun variantx kurang banyak. Overall ??
lise a. s.;8.5;10-May-23;Nyaman, lokasi dekat dengan Mall Tunjungan, kamarnya cukup luas dan bersih.
Radita R.;8.5;15-Feb-23;Kamar minus banyak semut, lainnya oke semua, lokasi juga tengah kota.
Novia E.;8.5;04-Jan-23;Dapat room 1117 dan emang pilih yang smoking room. Minusnya keran wastafelnya rusak, perlu perbaikan soalnya muternya harus agak ditekan baru airnya keluar. Mohon pihak hotel untuk memperhatikan ya. Lalu teko pemanas airnya juga model lama, mestinya diganti model baru yang besi pemanasnya tidak keliatan. Dan aku kira di kamar udah ada hairdryer ternyata harus by request dulu baru dikasih hairdryer nya. Udah itu aja pesan saya. Thanks
Evelin a. w.;8.5;02-Jan-23;Check in cepat, request double bed dan smoking room dipenuhin, AC kamar dingin, air panas bisa, sandal minta by phone dikasih 2 pasang, cukup bersih, parkir mobil bisa pake fasilitas valet, pelayanannya baik, terima kasih
inge;8.5;01-Jan-23;Cukup memuaskan. Kamar bersih. Pelayanan ramah. Tapi tempat parkirnya sempit
Rino R.;8.5;26-Sep-22;Pemandangan kota yang cukup bagus, dengan kamar bersih dan nyaman.
Novel f. k.;8.5;18-Sep-22;Dapat kamar di lantai paling atas, dengan view nya yang luar biasa mantap. Sarapannya banyak macamnya. Pelayanannya mantap. Nilai 9/10
Uki N.;8.5;01-Feb-22;Kamar bersih dan rapih, sarapan banyak pilihannya.
Yohana D. P.;8.5;04-Jan-22;Pelayanan ramah, room tidak seram sama sekali, udah 2x menginap di sini selalu puas, kamar view nya bagus.
Sylviera P.;8.4;01-Aug-22;Hotel bersih, sarapan enak semua. Sayang sekali mbak-mbak yang bikin telor jutek banget kurang ramah. Dan 1 lagi, sayang banget kaca kamar ngelentek tidak rata kaca filmnya. Ada difoto pertama. Pemandangan jadi burem ga jelas dan ga estetik kalau mau video/foto pemandangan. Tolong dong diganti kaca film kamar. Pusing banget kalau liat pemandangan luar gedung.
lise a. s.;8.5;10-May-23;Nyaman, lokasi dekat dengan Mall Tunjungan, kamarnya cukup luas dan bersih.
Radita R.;8.5;15-Feb-23;Kamar minus banyak semut, lainnya oke semua, lokasi juga tengah kota.
Novia E.;8.5;04-Jan-23;Dapat room 1117 dan emang pilih yang smoking room. Minusnya keran wastafelnya rusak, perlu perbaikan soalnya muternya harus agak ditekan baru airnya keluar. Mohon pihak hotel untuk memperhatikan ya. Lalu teko pemanas airnya juga model lama, mestinya diganti model baru yang besi pemanasnya tidak keliatan. Dan aku kira di kamar udah ada hairdryer ternyata harus by request dulu baru dikasih hairdryer nya. Udah itu aja pesan saya. Thanks
Evelin a. w.;8.5;02-Jan-23;Check in cepat, request double bed dan smoking room dipenuhin, AC kamar dingin, air panas bisa, sandal minta by phone dikasih 2 pasang, cukup bersih, parkir mobil bisa pake fasilitas valet, pelayanannya baik, terima kasih
inge;8.5;01-Jan-23;Cukup memuaskan. Kamar bersih. Pelayanan ramah. Tapi tempat parkirnya sempit
Rino R.;8.5;26-Sep-22;Pemandangan kota yang cukup bagus, dengan kamar bersih dan nyaman.
Novel f. k.;8.5;18-Sep-22;Dapat kamar di lantai paling atas, dengan view nya yang luar biasa mantap. Sarapannya banyak macamnya. Pelayanannya mantap. Nilai 9/10
Uki N.;8.5;01-Feb-22;Kamar bersih dan rapih, sarapan banyak pilihannya.
Yohana D. P.;8.5;04-Jan-22;Pelayanan ramah, room tidak seram sama sekali, udah 2x menginap di sini selalu puas, kamar view nya bagus.
Sylviera P.;8.4;01-Aug-22;Hotel bersih, sarapan enak semua. Sayang sekali mbak-mbak yang bikin telor jutek banget kurang ramah. Dan 1 lagi, sayang banget kaca kamar ngelentek tidak rata kaca filmnya. Ada difoto pertama. Pemandangan jadi burem ga jelas dan ga estetik kalau mau video/foto pemandangan. Tolong dong diganti kaca film kamar. Pusing banget kalau liat pemandangan luar gedung.
didid s.;8;23-Mar-23;Kebersihan, layanan, breakfast, valet parkir, lokasi, ada pinjam sepeda, semua bagus.
Denyza T. S.;6.3;03-Jun-23;Dapet smoking room, AC lama dinginnya.
Ummil H.;6.2;04-Jun-22;Hanya karena tidak mengisi pesan khusus, dapat kamar yang smoking. Akhirnya minta yang non smoking tapi tidak sesuai pesanan.
tommy s. h.;9.7;16-Dec-22;Kamarnya kecil, oke, itu sepadan dengan harganya, tapi sangat nyaman, dekat dengan Tunjungan dan baik, secara keseluruhan oke untuk saya
Michelle A. M. P.;9.7;27-Sep-22;"Secara keseluruhan bagus. Staf yang ramah & membantu, tempat nyaman, udara bersih, kamar luas, interior modern. Tapi shower di kamar saya agak ""macet"" tp gpp, heater & cold water nya masih berfungsi. Terjangkau dan cocok untuk transit maupun staycation."
Fansi;8.8;17-May-22;Sangat nyaman untuk staycation, air panas dan AC bekerja dengan baik, kamar bersih dengan jendela super lebar (saya tidur nonton lampu kota sambil mematikan semua lampu - itu pengalaman yang luar biasa), tempat tidur bersih, hanya kualitas TV adalah standar, gambar sebagian besar kabur.
William W.;8.5;21-Dec-22;Sederhana dan mudah, lokasi bagus. Terima kasih!
Albert S.;10;04-Sep-23;
Nanda P.;10;18-Oct-21;
fitri e.;9.7;31-May-23;
didid s.;8;23-Mar-23;Kebersihan, layanan, breakfast, valet parkir, lokasi, ada pinjam sepeda, semua bagus.
Denyza T. S.;6.3;03-Jun-23;Dapet smoking room, AC lama dinginnya.
Ummil H.;6.2;04-Jun-22;Hanya karena tidak mengisi pesan khusus, dapat kamar yang smoking. Akhirnya minta yang non smoking tapi tidak sesuai pesanan.
tommy s. h.;9.7;16-Dec-22;Kamarnya kecil, oke, itu sepadan dengan harganya, tapi sangat nyaman, dekat dengan Tunjungan dan baik, secara keseluruhan oke untuk saya
Michelle A. M. P.;9.7;27-Sep-22;"Secara keseluruhan bagus. Staf yang ramah & membantu, tempat nyaman, udara bersih, kamar luas, interior modern. Tapi shower di kamar saya agak ""macet"" tp gpp, heater & cold water nya masih berfungsi. Terjangkau dan cocok untuk transit maupun staycation."
Fansi;8.8;17-May-22;Sangat nyaman untuk staycation, air panas dan AC bekerja dengan baik, kamar bersih dengan jendela super lebar (saya tidur nonton lampu kota sambil mematikan semua lampu - itu pengalaman yang luar biasa), tempat tidur bersih, hanya kualitas TV adalah standar, gambar sebagian besar kabur.
William W.;8.5;21-Dec-22;Sederhana dan mudah, lokasi bagus. Terima kasih!
Albert S.;10;04-Sep-23;
Nanda P.;10;18-Oct-21;
fitri e.;9.7;31-May-23;
bayu a.;9.7;20-Feb-22;
Fami Y.;9.7;30-Jan-22;
Rika H.;9.7;04-Dec-21;
agus p.;9.1;21-Mar-23;
Yutlolita S.;8.5;15-Mar-23;
nur n.;8.5;12-Nov-22;
Veronika T. A. V.;8.5;07-Sep-22;
Hanimatul F.;8.5;06-May-22;
Hamzah A. A.;8.5;25-Mar-22;
Dimas A. F.;8.5;06-Mar-22;
bayu a.;9.7;20-Feb-22;
Fami Y.;9.7;30-Jan-22;
Rika H.;9.7;04-Dec-21;
agus p.;9.1;21-Mar-23;
Yutlolita S.;8.5;15-Mar-23;
nur n.;8.5;12-Nov-22;
Veronika T. A. V.;8.5;07-Sep-22;
Hanimatul F.;8.5;06-May-22;
Hamzah A. A.;8.5;25-Mar-22;
Dimas A. F.;8.5;06-Mar-22;
Windra M. H.;8.5;26-Jan-22;
sri r. s.;8.5;27-Dec-21;
Denny t.;8.5;03-Oct-21;
norma c. d.;8.4;14-May-22;
FITRI H.;10;26-Aug-23;Pokoknya selain kamarnya nyaman makanan juga enak.
ari h.;10;22-Aug-23;Hotelnya nyaman, tempatnya strategis mau ke mana saja dekat, makanan bervariasi, stafnya ramah, cahaya penerangan untuk di koridor kamar kurang terang, kaca jendela di kamar tempered glassnya sudah mulai bergelombang jadi view luar tidak terlihat jelas. Tapi untuk keseluruhan bagus.
Pangalila K. N. M.;10;22-Jul-23;Hotelnya bagus banget! Pelayanannya ramah, makanannya enak, kamarnya bersih, tempatnya nyaman, deket sama TP dan toko oleh-oleh. Sangat-sangat rekomendasii!
Regsi S.;10;12-Jul-23;Sesuai ekspetasi dan akan jadi rekomendasi selanjutnya jika ke surabaya kembali.
MARDIANSYAH M.;10;02-Jul-23;Lokasi strategis di pusat kota.
Ade S.;10;24-May-23;Sayang parkirnya kurang luas, tp ada yang bantu buat parkir n free.
Windra M. H.;8.5;26-Jan-22;
sri r. s.;8.5;27-Dec-21;
Denny t.;8.5;03-Oct-21;
norma c. d.;8.4;14-May-22;
FITRI H.;10;26-Aug-23;Pokoknya selain kamarnya nyaman makanan juga enak.
ari h.;10;22-Aug-23;Hotelnya nyaman, tempatnya strategis mau ke mana saja dekat, makanan bervariasi, stafnya ramah, cahaya penerangan untuk di koridor kamar kurang terang, kaca jendela di kamar tempered glassnya sudah mulai bergelombang jadi view luar tidak terlihat jelas. Tapi untuk keseluruhan bagus.
Pangalila K. N. M.;10;22-Jul-23;Hotelnya bagus banget! Pelayanannya ramah, makanannya enak, kamarnya bersih, tempatnya nyaman, deket sama TP dan toko oleh-oleh. Sangat-sangat rekomendasii!
Regsi S.;10;12-Jul-23;Sesuai ekspetasi dan akan jadi rekomendasi selanjutnya jika ke surabaya kembali.
MARDIANSYAH M.;10;02-Jul-23;Lokasi strategis di pusat kota.
Ade S.;10;24-May-23;Sayang parkirnya kurang luas, tp ada yang bantu buat parkir n free.
Bagas A.;10;11-Mar-23;Ga nyesel di sini, makanannya enak, ambience nya sedep, enak lah buat istirahat, kemana-mana juga deket, ke TP deket, ke pusat oleh-oleh juga deket
Nur i. d. p.;10;05-Jan-23;Hotel kesukaan kalau ke Surabaya.
Ceng m.;10;04-Jan-23;Hotel sangat nyaman, menu breakfast sangat beragam, staff ramah dan sangat membantu, parkiran terbatas tapi di fasilitasi dengan valet.
Anggarda N. P.;10;01-Dec-22;Simple city hotel. Bed and breakfast aja sih. Opsi kamar nya juga cuman 2. Cocok buat stay bntar di tengah kota Surabaya. Secara, lokasi strategis banget deket dengan mana-mana.
Rezal;10;10-Nov-22;Tiap ke Surabaya hotel ini jadi pilihan utama saya untuk menginap. Harga bersahabat, lokasi nyaman, pelayanan prima.
ahmad i. a. l.;10;31-Oct-22;Kamarnya Sangat Bagus Melebihi ekspetasi saya, Hotel Dengan harga yang sangat Ramah di kantor traveler tetapi kualitas dan Kebersihan kamar Sangat Baik, waktu cek in kamar nggak lama, Masuk Kamar Kamar sudah Kondisi Sejuk, Kamar Mandi Air Panasnya lancar, Serta Suasana Kamarnya Sangat Nyaman untuk Istirahat di malam Hari.
Feby J. A.;10;31-Aug-22;Dapet view kota yang bagus banget, kamar juga dingin. Nyaman pokoknya.
Fahrudin;10;15-Jun-22;Overall oke lahh sangat memuaskan.
rendi v.;10;27-Sep-21;Bagus bersih tengah kota pelayanan ramah.
David M.;9.7;25-Jul-23;Masukan saya hanya lampu di dalam kamar bisa lebih terang lagi. Yang sekarang terlalu remang remang.
Bagas A.;10;11-Mar-23;Ga nyesel di sini, makanannya enak, ambience nya sedep, enak lah buat istirahat, kemana-mana juga deket, ke TP deket, ke pusat oleh-oleh juga deket
Nur i. d. p.;10;05-Jan-23;Hotel kesukaan kalau ke Surabaya.
Ceng m.;10;04-Jan-23;Hotel sangat nyaman, menu breakfast sangat beragam, staff ramah dan sangat membantu, parkiran terbatas tapi di fasilitasi dengan valet.
Anggarda N. P.;10;01-Dec-22;Simple city hotel. Bed and breakfast aja sih. Opsi kamar nya juga cuman 2. Cocok buat stay bntar di tengah kota Surabaya. Secara, lokasi strategis banget deket dengan mana-mana.
Rezal;10;10-Nov-22;Tiap ke Surabaya hotel ini jadi pilihan utama saya untuk menginap. Harga bersahabat, lokasi nyaman, pelayanan prima.
ahmad i. a. l.;10;31-Oct-22;Kamarnya Sangat Bagus Melebihi ekspetasi saya, Hotel Dengan harga yang sangat Ramah di kantor traveler tetapi kualitas dan Kebersihan kamar Sangat Baik, waktu cek in kamar nggak lama, Masuk Kamar Kamar sudah Kondisi Sejuk, Kamar Mandi Air Panasnya lancar, Serta Suasana Kamarnya Sangat Nyaman untuk Istirahat di malam Hari.
Feby J. A.;10;31-Aug-22;Dapet view kota yang bagus banget, kamar juga dingin. Nyaman pokoknya.
Fahrudin;10;15-Jun-22;Overall oke lahh sangat memuaskan.
rendi v.;10;27-Sep-21;Bagus bersih tengah kota pelayanan ramah.
David M.;9.7;25-Jul-23;Masukan saya hanya lampu di dalam kamar bisa lebih terang lagi. Yang sekarang terlalu remang remang.
Fiqih E.;9.7;04-Jul-23;Lokasi deket kemana-mana, hotel bersih, nyaman, dan alat solat di sediain kalo kita minta mantap sih, nanti kalo mudik lagi mau di sini aja.
Fauzi R.;9.7;04-Jul-23;Kamarnya bersih. Lokasi strategis, dekat dengan mall. Makanan enak.
Lino I.;9.7;12-Jun-23;Layanannya memuaskan, dekat dengan mall.
angela c.;9.7;05-Jun-23;Luar luar biasa, kamar bersih.
Nidya C. P.;9.7;09-May-23;Pengalaman yang menyenangkan menginap di hotel ini. Lokasi strategis, berada di pusat kota dan dekat dengan mall Tunjungan Plaza. Kamar bersih dan pelayanan dari resepsionis & housekeeping yang sangat ramah. Sangat direkomendasikan untuk menginap di hotel ini baik untuk berlibur ataupun keperluan kerja.
Dessy D.;9.7;30-Apr-23;Hotel bersih, staf ramah, lokasi tengah kota dan dekat dengan pusat perbelanjaan, recommended.
Himawan W.;9.7;26-Apr-23;Oke lokasi strategis. Deket TP tinggal jalan. Meski breakfastnya mahal. Dan lebih bagus lagi kalo ditambah gymnya.
Yohanes A. A.;9.7;11-Apr-23;Lokasinya mantep, deket Tunjungan Plaza. Jalan santai aj dah sampe ke TP. View kamar hotelnya, city view jadi lebih awesome lagi. Overall very recommended Hotel.
Sismono;9.7;02-Apr-23;Bagus pelayanannya, namun parkirnya tidak mncukupi.
dona e.;9.7;14-Mar-23;Saya suka menginap d hotel ini. Karena kamar bersih, luas dan pemandangan d jendela bagus, harga terjangkau, dsebelah nya langsung pusat oleh-oleh dan jalan raya. Kalau saya ada kesempatan lagi ke surabaya, saya akan nginap dihotel ini lagi.
Fiqih E.;9.7;04-Jul-23;Lokasi deket kemana-mana, hotel bersih, nyaman, dan alat solat di sediain kalo kita minta mantap sih, nanti kalo mudik lagi mau di sini aja.
Fauzi R.;9.7;04-Jul-23;Kamarnya bersih. Lokasi strategis, dekat dengan mall. Makanan enak.
Lino I.;9.7;12-Jun-23;Layanannya memuaskan, dekat dengan mall.
angela c.;9.7;05-Jun-23;Luar luar biasa, kamar bersih.
Nidya C. P.;9.7;09-May-23;Pengalaman yang menyenangkan menginap di hotel ini. Lokasi strategis, berada di pusat kota dan dekat dengan mall Tunjungan Plaza. Kamar bersih dan pelayanan dari resepsionis & housekeeping yang sangat ramah. Sangat direkomendasikan untuk menginap di hotel ini baik untuk berlibur ataupun keperluan kerja.
Dessy D.;9.7;30-Apr-23;Hotel bersih, staf ramah, lokasi tengah kota dan dekat dengan pusat perbelanjaan, recommended.
Himawan W.;9.7;26-Apr-23;Oke lokasi strategis. Deket TP tinggal jalan. Meski breakfastnya mahal. Dan lebih bagus lagi kalo ditambah gymnya.
Yohanes A. A.;9.7;11-Apr-23;Lokasinya mantep, deket Tunjungan Plaza. Jalan santai aj dah sampe ke TP. View kamar hotelnya, city view jadi lebih awesome lagi. Overall very recommended Hotel.
Sismono;9.7;02-Apr-23;Bagus pelayanannya, namun parkirnya tidak mncukupi.
dona e.;9.7;14-Mar-23;Saya suka menginap d hotel ini. Karena kamar bersih, luas dan pemandangan d jendela bagus, harga terjangkau, dsebelah nya langsung pusat oleh-oleh dan jalan raya. Kalau saya ada kesempatan lagi ke surabaya, saya akan nginap dihotel ini lagi.
Ivan M.;9.7;01-Mar-23;Nyaman. Sangat bersih. Mulai lorong sebelum masuk kamar itu juga baunya wangi banget. Pelayanan juga bagus, ramah sekali mulai dari security, receptionist dan petugas lainnya. Ngga coba makanannya karena sudah pernah coba biasa aja.
Mita A.;9.7;17-Feb-23;Hotelnya nyaman dan bersih. Kalo ke Surabaya, bakalan nginap di sini lagi.
Fajar T. H.;9.7;23-Jan-23;Kamar enak. Pelayanam ramah. Parkir enak ada valet gratis. Lain kali kalo ke surabaya pasti menginal di sini.
Satya A. U.;9.7;12-Jan-23;Hotel bersih dan Cek in cepat dan ga perlu repor parkir mobil karena ada layanan valley gratis.
Ayu W. H.;9.7;09-Jan-23;Hotelnya bersih, nyaman buat anak-anak, lokasinya deket ke mana-mana, apa lagi ke pusat kota.
maria w.;9.7;03-Jan-23;Pelayanan sangat ramah, kamar sangat bagus dan nyaman, kalo ada kesempatan bakal nginep di sini lagi.
husin z.;9.7;26-Dec-22;Sangat baik untuk keluarga. Semua ramah dan peduli dengan kebutuhan kami. Kamar bersih. Hanya kamar mandi agak kecil. Jaga dan terus evsluasi. Tks.
Indri R. C.;9.7;20-Nov-22;Hotel tengah kota yang menyenangkan namun kamar tidak kedap suara dan ada pintu ke kamar sebelah.
Cenisya F. Y.;9.7;16-Nov-22;Pelayanan hotel excellent, ramah banget. Minta handuk tambahan & pinjam hairdryer juga cepet datangnya. Fast respon. Kamarnya bersih & nyaman.
Ria P.;9.7;04-Nov-22;Menginap di kamar 912, sangat nyaman, kamar luas, view jalan Basra dari ketinggian, bersih dan rapi. Air panas berfungsi dengan baik, tersedia teko pembuat minuman hangat beserta kopi & teh sachet. Rak penyimpan barang juga memadai. Tersedia sandal hotel. Semua staf sangat ramah dan helpful. Lokasi strategis tinggal jalan kaki ke TP. Di sebelah hotel juga ada toko oleh-oleh. Terima kasih Midtown, sukses selalu.
Ivan M.;9.7;01-Mar-23;Nyaman. Sangat bersih. Mulai lorong sebelum masuk kamar itu juga baunya wangi banget. Pelayanan juga bagus, ramah sekali mulai dari security, receptionist dan petugas lainnya. Ngga coba makanannya karena sudah pernah coba biasa aja.
Mita A.;9.7;17-Feb-23;Hotelnya nyaman dan bersih. Kalo ke Surabaya, bakalan nginap di sini lagi.
Fajar T. H.;9.7;23-Jan-23;Kamar enak. Pelayanam ramah. Parkir enak ada valet gratis. Lain kali kalo ke surabaya pasti menginal di sini.
Satya A. U.;9.7;12-Jan-23;Hotel bersih dan Cek in cepat dan ga perlu repor parkir mobil karena ada layanan valley gratis.
Ayu W. H.;9.7;09-Jan-23;Hotelnya bersih, nyaman buat anak-anak, lokasinya deket ke mana-mana, apa lagi ke pusat kota.
maria w.;9.7;03-Jan-23;Pelayanan sangat ramah, kamar sangat bagus dan nyaman, kalo ada kesempatan bakal nginep di sini lagi.
husin z.;9.7;26-Dec-22;Sangat baik untuk keluarga. Semua ramah dan peduli dengan kebutuhan kami. Kamar bersih. Hanya kamar mandi agak kecil. Jaga dan terus evsluasi. Tks.
Indri R. C.;9.7;20-Nov-22;Hotel tengah kota yang menyenangkan namun kamar tidak kedap suara dan ada pintu ke kamar sebelah.
Cenisya F. Y.;9.7;16-Nov-22;Pelayanan hotel excellent, ramah banget. Minta handuk tambahan & pinjam hairdryer juga cepet datangnya. Fast respon. Kamarnya bersih & nyaman.
Ria P.;9.7;04-Nov-22;Menginap di kamar 912, sangat nyaman, kamar luas, view jalan Basra dari ketinggian, bersih dan rapi. Air panas berfungsi dengan baik, tersedia teko pembuat minuman hangat beserta kopi & teh sachet. Rak penyimpan barang juga memadai. Tersedia sandal hotel. Semua staf sangat ramah dan helpful. Lokasi strategis tinggal jalan kaki ke TP. Di sebelah hotel juga ada toko oleh-oleh. Terima kasih Midtown, sukses selalu.
Tjahjo B.;9.7;24-Oct-22;Kamar bersih dan breakfast nya juga enak.
Sapto A.;9.7;17-Oct-22;Posisi hotel strategi di pusat kota, staf ramah & ruangannya nyawan.
Guest;9.7;17-Oct-22;Makanannya enak, semua staff hotel ramah, kamarnya nyaman.
darmansyah;9.7;10-Oct-22;Pelayanan ramah, hotelnya bagus dan letaknya strategis di tengah kota Surabaya, akses ke Mall TP dekat tinggal jalan kaki, pokoknya the best lah.
Agustina I.;9.7;02-Oct-22;Hotelnya bersih, fasilitasnya bagus sangat memuaskan.
lisi a.;9.7;26-Sep-22;Dapat kamar di lantai 16. Keren view nya. Ac dingin. Kamar bersih. Cuma minus di kamar kemaren banyak semutnya, jadi ga tenang ninggal makanan di meja pasti di apelin semut. Mungkin bisa lebih di perhatikan adek-adek semutnya ??. Pasti balikk lagi ke Midtown ?.
Nindiya A. R.;9.7;30-Aug-22;Staf ramah. Sangat membantu. Saya di kasih kamar dengan view kota surabaya yang bagus banget. Saya puas dengan pelayanannya.
Alvin G. R.;9.7;07-Aug-22;Best hotel yang saya pernah tempati di sruabaya, lokasi strategis.
Ryanmita N.;9.7;31-Jul-22;Tempat strategis dan kamarnya cukup bersih.
Asylla N. R.;9.7;22-Jun-22;Kamar hotel nyaman, pelayanan valley parking 24jam dan tanggap.
Tjahjo B.;9.7;24-Oct-22;Kamar bersih dan breakfast nya juga enak.
Sapto A.;9.7;17-Oct-22;Posisi hotel strategi di pusat kota, staf ramah & ruangannya nyawan.
Guest;9.7;17-Oct-22;Makanannya enak, semua staff hotel ramah, kamarnya nyaman.
darmansyah;9.7;10-Oct-22;Pelayanan ramah, hotelnya bagus dan letaknya strategis di tengah kota Surabaya, akses ke Mall TP dekat tinggal jalan kaki, pokoknya the best lah.
Agustina I.;9.7;02-Oct-22;Hotelnya bersih, fasilitasnya bagus sangat memuaskan.
lisi a.;9.7;26-Sep-22;Dapat kamar di lantai 16. Keren view nya. Ac dingin. Kamar bersih. Cuma minus di kamar kemaren banyak semutnya, jadi ga tenang ninggal makanan di meja pasti di apelin semut. Mungkin bisa lebih di perhatikan adek-adek semutnya ??. Pasti balikk lagi ke Midtown ?.
Nindiya A. R.;9.7;30-Aug-22;Staf ramah. Sangat membantu. Saya di kasih kamar dengan view kota surabaya yang bagus banget. Saya puas dengan pelayanannya.
Alvin G. R.;9.7;07-Aug-22;Best hotel yang saya pernah tempati di sruabaya, lokasi strategis.
Ryanmita N.;9.7;31-Jul-22;Tempat strategis dan kamarnya cukup bersih.
Asylla N. R.;9.7;22-Jun-22;Kamar hotel nyaman, pelayanan valley parking 24jam dan tanggap.
wayan s.;9.7;27-May-22;Kamar sama dengan di foto, luas, bersih yang pastinya nyaman.
DERYS C.;9.7;07-May-22;Hotel bagus pelayanan juga bagus ??.
Edy S.;9.7;07-May-22;Bagus bersih layanan sangat memuaskan. Sarapan sangat banyak dan banyak pilihan pokoknya joss.
Handaru F. N.;9.7;07-May-22;Kamarnya sangat nyaman. Pelayanan amazing sekali. Makanan cukup enak. Cuman parkir agak susah, tetapi dibantu valey parking hotel yang sigap.
irfan b.;9.7;24-Apr-22;Hotel nya sangat nyaman dengan ditambah pelayanan yang sangat baik, pegawai yang ramah, ini adalah salah satu Hotel yang sangat rekomen.
Antoni G.;9.7;09-Feb-22;Kamar luas view kota sangat amazing. Yang paling penting bisa lelap tidur di sini. Pasti kembali lagi.
Aris E. C.;9.7;03-Feb-22;Lokasi hotel yang sangat strategis, di surabaya untuk ke tunjungan bisa ditempuh dengan berjalan kaki, staff yang ramah, breakfast ya juga enak dan banyak macam, kamar hotel ya pun bersih.
Fitria P. D.;9.7;27-Jan-22;Hotel dekat banget dengan mall TP. Di samping hotel ada toko pusat oleh-oleh. Kamar bersih. Check in cepat. Petugas sigap & ramah. Terima Kasih ????.
Lia S.;9.7;11-Jan-22;Pelayanan baik, staffnya ramah, dan deket dari tunjungan plaza adanya di tengah kota, puas sekali.
martin s.;9.7;01-Jan-22;Hotel di pusat kota, dekat Tunjungan Plaza.
wayan s.;9.7;27-May-22;Kamar sama dengan di foto, luas, bersih yang pastinya nyaman.
DERYS C.;9.7;07-May-22;Hotel bagus pelayanan juga bagus ??.
Edy S.;9.7;07-May-22;Bagus bersih layanan sangat memuaskan. Sarapan sangat banyak dan banyak pilihan pokoknya joss.
Handaru F. N.;9.7;07-May-22;Kamarnya sangat nyaman. Pelayanan amazing sekali. Makanan cukup enak. Cuman parkir agak susah, tetapi dibantu valey parking hotel yang sigap.
irfan b.;9.7;24-Apr-22;Hotel nya sangat nyaman dengan ditambah pelayanan yang sangat baik, pegawai yang ramah, ini adalah salah satu Hotel yang sangat rekomen.
Antoni G.;9.7;09-Feb-22;Kamar luas view kota sangat amazing. Yang paling penting bisa lelap tidur di sini. Pasti kembali lagi.
Aris E. C.;9.7;03-Feb-22;Lokasi hotel yang sangat strategis, di surabaya untuk ke tunjungan bisa ditempuh dengan berjalan kaki, staff yang ramah, breakfast ya juga enak dan banyak macam, kamar hotel ya pun bersih.
Fitria P. D.;9.7;27-Jan-22;Hotel dekat banget dengan mall TP. Di samping hotel ada toko pusat oleh-oleh. Kamar bersih. Check in cepat. Petugas sigap & ramah. Terima Kasih ????.
Lia S.;9.7;11-Jan-22;Pelayanan baik, staffnya ramah, dan deket dari tunjungan plaza adanya di tengah kota, puas sekali.
martin s.;9.7;01-Jan-22;Hotel di pusat kota, dekat Tunjungan Plaza.
Mei L.;9.7;28-Dec-21;Room bersih, pelayanan dari pegawai nya sangat ramah dan cepat tanggap.
Angky W. S.;9.7;17-Nov-21;Kamarnya bagus, terasa seperti binta 4. Dan resepsionis dan lain-lain nya ramah, baik dan sangat membantu saya.
abi s.;9.7;02-Nov-21;Tempatnya nyaman, letaknya di pusat kota sangat strategis. Kamar bersih. Air hangatnya berfungsi dengan baik. Mantap lah.
Arjun N.;9.7;17-Sep-21;Sangat Suka dengan hotel nya tapi kemarin ada kendala sih di sistem registrasi nya jadi check in nya agak lama.
Dominggos G.;9.6;08-Feb-22;Kebersihan kamarnya nilainya 6/10, tembok di kamar 811 berjamur dan kotor. Sarung bantalnya warnanya sudah kuning dan dekil, tapi bantalnya empuk banget. Untuk pelayanannya semua staff nya ramah banget. Makanannya semuanya enak, yang paling enak wafle nya, wajib dicoba kalau stay di sini. Wifi nya juara, kencang banget dan tersambung di seluruh area hotel. Sayang lobby nya tempat duduknya kurang, waktu nunggu proses check in dan check out yang sedikit agak lama jadi berdiri ga ada tempat duduk. Selebihnya senang nginap di sini.
Endang T. A.;9.4;19-May-23;Staf ramah, makanan enak tapi sayang handuk nya sangat tidak layak pake … tempat tidur sudah tidak terlalu nyaman … yang lain oke sih.
Andreas W. K.;9.4;18-Oct-22;Lokasi strategis berada di tengah kota sehingga mau ke Surabaya timur, barat, utara dan selatan lebih mudah serta terjangkau secara biaya saat berpergian via transportasi online. Tepat di samping hotel terdapat toko oleh-oleh, jarak beberapa meter terdapat Tunjungan Mall maupun resto dan cafe. Layanan massage sangat enak.
deli p.;9.4;06-Jul-22;Tempat nyaman dan bersih, dekat pusat kota para staff ramah cukup puas.
Ana W.;9.4;05-May-22;Lokasi strategis, deket jalan kemana-mana, service bagus hanya saja kamarnya agak kotor, tapi housekeeping nya gerak cepat, siip bangey.
Ana W.;9.4;03-May-22;Awalnya cukup syok ya. Sprei nya banyak rambutnya dan beberapa fasilitas terlihat kurang terawat. Tapi setelah lapor ke resepsionis, housekeeping pun langsung gerak cepat dan sprei langsung diganti. Pelayanan ramah.
Mei L.;9.7;28-Dec-21;Room bersih, pelayanan dari pegawai nya sangat ramah dan cepat tanggap.
Angky W. S.;9.7;17-Nov-21;Kamarnya bagus, terasa seperti binta 4. Dan resepsionis dan lain-lain nya ramah, baik dan sangat membantu saya.
abi s.;9.7;02-Nov-21;Tempatnya nyaman, letaknya di pusat kota sangat strategis. Kamar bersih. Air hangatnya berfungsi dengan baik. Mantap lah.
Arjun N.;9.7;17-Sep-21;Sangat Suka dengan hotel nya tapi kemarin ada kendala sih di sistem registrasi nya jadi check in nya agak lama.
Dominggos G.;9.6;08-Feb-22;Kebersihan kamarnya nilainya 6/10, tembok di kamar 811 berjamur dan kotor. Sarung bantalnya warnanya sudah kuning dan dekil, tapi bantalnya empuk banget. Untuk pelayanannya semua staff nya ramah banget. Makanannya semuanya enak, yang paling enak wafle nya, wajib dicoba kalau stay di sini. Wifi nya juara, kencang banget dan tersambung di seluruh area hotel. Sayang lobby nya tempat duduknya kurang, waktu nunggu proses check in dan check out yang sedikit agak lama jadi berdiri ga ada tempat duduk. Selebihnya senang nginap di sini.
Endang T. A.;9.4;19-May-23;Staf ramah, makanan enak tapi sayang handuk nya sangat tidak layak pake … tempat tidur sudah tidak terlalu nyaman … yang lain oke sih.
Andreas W. K.;9.4;18-Oct-22;Lokasi strategis berada di tengah kota sehingga mau ke Surabaya timur, barat, utara dan selatan lebih mudah serta terjangkau secara biaya saat berpergian via transportasi online. Tepat di samping hotel terdapat toko oleh-oleh, jarak beberapa meter terdapat Tunjungan Mall maupun resto dan cafe. Layanan massage sangat enak.
deli p.;9.4;06-Jul-22;Tempat nyaman dan bersih, dekat pusat kota para staff ramah cukup puas.
Ana W.;9.4;05-May-22;Lokasi strategis, deket jalan kemana-mana, service bagus hanya saja kamarnya agak kotor, tapi housekeeping nya gerak cepat, siip bangey.
Ana W.;9.4;03-May-22;Awalnya cukup syok ya. Sprei nya banyak rambutnya dan beberapa fasilitas terlihat kurang terawat. Tapi setelah lapor ke resepsionis, housekeeping pun langsung gerak cepat dan sprei langsung diganti. Pelayanan ramah.
Hafshah R.;9.4;28-Jan-22;Hotel bersih dan stafnya ramah.
Jennyamor R.;9.4;24-Dec-21;Pelayanannya sangat ramah, kamarnya cukup luas, tayangan tv kurang beragam dan bersemut kabur, air shower kurang deras, parkiran mobil sangat sempit, tapi yang paling penting begitu masuk kamar wangi banget, bersih juga, wanginya kayak parfum londri
Aposto L.;9.4;13-Dec-21;Good service dan sangat puas pelayanannya.
Chintya A. W.;9.4;18-Oct-21;Akomodasi sangat nyaman. Akses kemana saja mudah. Pelayanan sangat ramah.
Hilmi R. F.;9.1;26-Jun-23;Lokasi strategis. Kamar bersih. Menu makan standar, rasa ok. Kekurangan: jendela kamar tanpa pengaman sama sekali, tempat parkir kecil.
Shafa F.;9.1;19-May-23;Enak hotelnya, bersih dan pemandangannya ciamik, kebetulan dapat lantai 15 ????.
yanti d.;9.1;03-Oct-22;Lokasi hotel stategis deket dengan mal Tunjungan dan samping hotel ada tempat oleh-oleh.
Tomy H.;9.1;02-Oct-22;Kamar bagus nyaman city view bagus, kekurangan acnya berisik tidak bisa di setting tanpa suara.
Decky I. Z.;9.1;07-Nov-21;Lokasi d tengah kota dan nyaman, petugas juga ramah.
Eranio A.;9.1;12-Sep-21;A good place and so comfy. Tapi kaca kamar mandinya agak ngeri soalnya miring seperti mau jatuh jadi gaberani pegang dan takut kalo tiba-tiba jatuh pas lagi ngaca. Please fix it ya. The staff is very nice. Thank you.
Hafshah R.;9.4;28-Jan-22;Hotel bersih dan stafnya ramah.
Jennyamor R.;9.4;24-Dec-21;Pelayanannya sangat ramah, kamarnya cukup luas, tayangan tv kurang beragam dan bersemut kabur, air shower kurang deras, parkiran mobil sangat sempit, tapi yang paling penting begitu masuk kamar wangi banget, bersih juga, wanginya kayak parfum londri
Aposto L.;9.4;13-Dec-21;Good service dan sangat puas pelayanannya.
Chintya A. W.;9.4;18-Oct-21;Akomodasi sangat nyaman. Akses kemana saja mudah. Pelayanan sangat ramah.
Hilmi R. F.;9.1;26-Jun-23;Lokasi strategis. Kamar bersih. Menu makan standar, rasa ok. Kekurangan: jendela kamar tanpa pengaman sama sekali, tempat parkir kecil.
Shafa F.;9.1;19-May-23;Enak hotelnya, bersih dan pemandangannya ciamik, kebetulan dapat lantai 15 ????.
yanti d.;9.1;03-Oct-22;Lokasi hotel stategis deket dengan mal Tunjungan dan samping hotel ada tempat oleh-oleh.
Tomy H.;9.1;02-Oct-22;Kamar bagus nyaman city view bagus, kekurangan acnya berisik tidak bisa di setting tanpa suara.
Decky I. Z.;9.1;07-Nov-21;Lokasi d tengah kota dan nyaman, petugas juga ramah.
Eranio A.;9.1;12-Sep-21;A good place and so comfy. Tapi kaca kamar mandinya agak ngeri soalnya miring seperti mau jatuh jadi gaberani pegang dan takut kalo tiba-tiba jatuh pas lagi ngaca. Please fix it ya. The staff is very nice. Thank you.
Vanes A.;9;29-Oct-21;Saya booking room splendid tapi sampai kamar ternyata dikash yang room groovy kamar lebih kecil saya complain dan dipindah ke room fabulous. Untuk kamar lumayan besar air panas berfungsi tapi handuk cuma ada 1 dan sabun tidak ada. Sisa sampah dari tamu sebelumnya juga masih ada belum dibuang. Jadi ragu dan takut kamar dan sprei apa dibersihkan dan diganti atau tidak. Karena perlengkapan mandinya gak ada. Parkir terbatas kemaren full jadi harus valet. Ini juga jujur takut karena lagi covid dan kita ga tau pihak valletnya itu gimana karena mobil pribadi jadi takut aja kalau ada orang lainin yang masuk. Untuk prokesnya sangat-sangat kurang tidak ada cek suhu dan lain-lain. Mungkin bisa ditingkatkan lagi mengingat sekarang masih pandemi covid. Terima kasih midtown.
Wiwin I.;8.8;17-Aug-23;Hotel di pusat kota, dekat dengan Tunjungan Plaza. Proses check in cepat, bisa masuk kamar jam 12.30 tergantung ketersediaan. Pesan splendid king room, kamar cukup luas. Namun kebersihan perlu ditingkatkan lagi karena masih ada noda pada sprei dan beberapa helai rambut di lantai. Room service tanggap dalam memenuhi request kami untuk mengganti kamar dengan sprei yang baru.
Mamik;8.8;22-Jul-23;Penerangannya kurang, di dalam kamar atau memang konsepnya begitu ya. Untuk kamar 710, tolong di benerin saklar yang ada di lemari baju. Bunyi cetak-cetak, seperti orang buka pintu.
William R. L.;8.8;08-Jul-23;Hotel bintang 3 yang sangat bersih, pelayanan ramah dan securitynya helpful. Hanya mungkin penerangan dalam kamarnya perlu ditingkatkan karena saat malam terkesan agak gelap. Hotel ini recommend untuk tempat menginap di Surabaya.
Bagus Z.;8.8;10-Apr-23;Lokasi strategis, di jalan utama dekat stasiun dan tunjungan plaza. Hotelnya kecil, parkir sangat terbatas. Kamar lumayan luas, namun tidak ada kulkas. Shower tanam dinding. Kebersihan lumayan bagus, pelayanan staff baik. Makanan biasa dan standar.
Guest;8.8;29-Dec-22;Lorong ke arah kamar terlihat kotor dan gelap, membuat tidak nyaman. Sarapan rasa enak dan variannya banyak. Lokasi bagus.
agung d. c.;8.8;21-Sep-22;Tempatnya di pusat kota, kamarnya nyaman, namun tempat parkir dan ruang tunggu kecil.
AR Benoe E. P.;8.8;09-Nov-21;Proses masuk & keluar cepat. Pelayanan bagus. Makanan enak & variatif.
Ditsza D.;8.7;12-May-22;Lokasi oke banget karena deket sama pusat kota dan sebelah toko oleh-oleh. Ada halte bis juga deket hotel. Untuk kamar dan kamar mandi memang compact karena sepertinya tipe hotel untuk transit saja bkn untuk liburan. Kalau mau nyaman lebih baik pesan kamar lebar. Breakfast lumayan beragam tp kurang ada khas Surabaya nya hehe. Parkiran kecil dan kurang direkomen buat yang bawa mobil sendiri karena harus di valet sampai parkir jauh dari hotel. Saya dapat kamar yang kena matahari langsung jadi siang-sore hari matahari langsung nyentrong ke kamar jadi panas dan silau. Jendela kamar plastiknya sampak menciut kayaknya gara-gara kena blast matahari langsung.
Graccia E. W.;8.6;05-Dec-21;Hotel nyaman, service baik. Hanya saja, kelihatannya percuma diberikan tanda housekeeping, karena petugas masih meminta untuk calling ke reception untuk pembersihan kamar. Fasilitas lain seperti AC, electric, dan air overall oke.
Vanes A.;9;29-Oct-21;Saya booking room splendid tapi sampai kamar ternyata dikash yang room groovy kamar lebih kecil saya complain dan dipindah ke room fabulous. Untuk kamar lumayan besar air panas berfungsi tapi handuk cuma ada 1 dan sabun tidak ada. Sisa sampah dari tamu sebelumnya juga masih ada belum dibuang. Jadi ragu dan takut kamar dan sprei apa dibersihkan dan diganti atau tidak. Karena perlengkapan mandinya gak ada. Parkir terbatas kemaren full jadi harus valet. Ini juga jujur takut karena lagi covid dan kita ga tau pihak valletnya itu gimana karena mobil pribadi jadi takut aja kalau ada orang lainin yang masuk. Untuk prokesnya sangat-sangat kurang tidak ada cek suhu dan lain-lain. Mungkin bisa ditingkatkan lagi mengingat sekarang masih pandemi covid. Terima kasih midtown.
Wiwin I.;8.8;17-Aug-23;Hotel di pusat kota, dekat dengan Tunjungan Plaza. Proses check in cepat, bisa masuk kamar jam 12.30 tergantung ketersediaan. Pesan splendid king room, kamar cukup luas. Namun kebersihan perlu ditingkatkan lagi karena masih ada noda pada sprei dan beberapa helai rambut di lantai. Room service tanggap dalam memenuhi request kami untuk mengganti kamar dengan sprei yang baru.
Mamik;8.8;22-Jul-23;Penerangannya kurang, di dalam kamar atau memang konsepnya begitu ya. Untuk kamar 710, tolong di benerin saklar yang ada di lemari baju. Bunyi cetak-cetak, seperti orang buka pintu.
William R. L.;8.8;08-Jul-23;Hotel bintang 3 yang sangat bersih, pelayanan ramah dan securitynya helpful. Hanya mungkin penerangan dalam kamarnya perlu ditingkatkan karena saat malam terkesan agak gelap. Hotel ini recommend untuk tempat menginap di Surabaya.
Bagus Z.;8.8;10-Apr-23;Lokasi strategis, di jalan utama dekat stasiun dan tunjungan plaza. Hotelnya kecil, parkir sangat terbatas. Kamar lumayan luas, namun tidak ada kulkas. Shower tanam dinding. Kebersihan lumayan bagus, pelayanan staff baik. Makanan biasa dan standar.
Guest;8.8;29-Dec-22;Lorong ke arah kamar terlihat kotor dan gelap, membuat tidak nyaman. Sarapan rasa enak dan variannya banyak. Lokasi bagus.
agung d. c.;8.8;21-Sep-22;Tempatnya di pusat kota, kamarnya nyaman, namun tempat parkir dan ruang tunggu kecil.
AR Benoe E. P.;8.8;09-Nov-21;Proses masuk & keluar cepat. Pelayanan bagus. Makanan enak & variatif.
Ditsza D.;8.7;12-May-22;Lokasi oke banget karena deket sama pusat kota dan sebelah toko oleh-oleh. Ada halte bis juga deket hotel. Untuk kamar dan kamar mandi memang compact karena sepertinya tipe hotel untuk transit saja bkn untuk liburan. Kalau mau nyaman lebih baik pesan kamar lebar. Breakfast lumayan beragam tp kurang ada khas Surabaya nya hehe. Parkiran kecil dan kurang direkomen buat yang bawa mobil sendiri karena harus di valet sampai parkir jauh dari hotel. Saya dapat kamar yang kena matahari langsung jadi siang-sore hari matahari langsung nyentrong ke kamar jadi panas dan silau. Jendela kamar plastiknya sampak menciut kayaknya gara-gara kena blast matahari langsung.
Graccia E. W.;8.6;05-Dec-21;Hotel nyaman, service baik. Hanya saja, kelihatannya percuma diberikan tanda housekeeping, karena petugas masih meminta untuk calling ke reception untuk pembersihan kamar. Fasilitas lain seperti AC, electric, dan air overall oke.
radityo w.;8.5;31-Aug-23;Bagus Pelayanannya Saya Butuh Kamar Tengah Malam dari Smoking Ke Non Smoking bisa Dibantu Dengan Baik.
Nara I. A.;8.5;14-Jul-23;Kamar bersih, lampu sedikit gelap, akses ke TP dekat. Good.
Citta K.;8.5;08-Jul-23;Ini yang ke 2x nya saya nginap bersama keluarga. Tempatnya strategis dekat Mall Tunjungan dan persis di sebelah hotel ada toko oleh-oleh Wisata Rasa. Untuk menu sarapan pagi it's ok lah. Dari segi pelayanan juga ok.
Rahadian A. N.;8.5;07-Jul-23;Hotelnya nyaman, bersih, breakfastnya enak, pelayanannya juga ok. Recommended banget, akses ke tunjungan plaza bisa jalan kaki.
Nadya;8.5;08-Jun-23;Bagus sih dari segi kamar luas, twin bednya juga gede gak seperti di hotel lainnya cuma minusnya listrik masih sering mati jadi bikin AC sering mati sampe panas pernah dan juga mau naik lift jadi gak bisa terpaksa lewat tangga darurat untung pas mau turun bukan naik tolong perbaiki lagi listriknya.
Teguh M.;8.5;20-May-23;Menyenangkan, stafnya ramah, proses cek in cepat.
Maharani K.;8.5;11-May-23;Bersih, nyaman, hanya saja, tidak disediakan sisir, plastik pelapis kaca ruangan sudah bergelombang. So, tidak dapat menikmati pemandangan luar kaca dengan jelas.
Siti c. c.;8.5;29-Apr-23;Bersih tempatnya pelayanan oke, cuma saya gak ada tirai putih dan colokan di samping tempat tidur.
adi s.;8.5;17-Apr-23;Pengalaman menginap di sini 2x, dan sangat memuaskan.
Rulita R. W.;8.5;15-Apr-23;Bagus dekat dengan tp gramedia dan nyaman.
radityo w.;8.5;31-Aug-23;Bagus Pelayanannya Saya Butuh Kamar Tengah Malam dari Smoking Ke Non Smoking bisa Dibantu Dengan Baik.
Nara I. A.;8.5;14-Jul-23;Kamar bersih, lampu sedikit gelap, akses ke TP dekat. Good.
Citta K.;8.5;08-Jul-23;Ini yang ke 2x nya saya nginap bersama keluarga. Tempatnya strategis dekat Mall Tunjungan dan persis di sebelah hotel ada toko oleh-oleh Wisata Rasa. Untuk menu sarapan pagi it's ok lah. Dari segi pelayanan juga ok.
Rahadian A. N.;8.5;07-Jul-23;Hotelnya nyaman, bersih, breakfastnya enak, pelayanannya juga ok. Recommended banget, akses ke tunjungan plaza bisa jalan kaki.
Nadya;8.5;08-Jun-23;Bagus sih dari segi kamar luas, twin bednya juga gede gak seperti di hotel lainnya cuma minusnya listrik masih sering mati jadi bikin AC sering mati sampe panas pernah dan juga mau naik lift jadi gak bisa terpaksa lewat tangga darurat untung pas mau turun bukan naik tolong perbaiki lagi listriknya.
Teguh M.;8.5;20-May-23;Menyenangkan, stafnya ramah, proses cek in cepat.
Maharani K.;8.5;11-May-23;Bersih, nyaman, hanya saja, tidak disediakan sisir, plastik pelapis kaca ruangan sudah bergelombang. So, tidak dapat menikmati pemandangan luar kaca dengan jelas.
Siti c. c.;8.5;29-Apr-23;Bersih tempatnya pelayanan oke, cuma saya gak ada tirai putih dan colokan di samping tempat tidur.
adi s.;8.5;17-Apr-23;Pengalaman menginap di sini 2x, dan sangat memuaskan.
Rulita R. W.;8.5;15-Apr-23;Bagus dekat dengan tp gramedia dan nyaman.
Tri J. S.;8.5;29-Mar-23;Bersih, terawat, makanannya juga lumayan enak. Masukannya: Ditambah colokan untuk ngecharge hp di samping ranjang.
Wahyu K.;8.5;27-Feb-23;Pengalaman menginap yang menyenangkan, recommended untuk menginap.
Aris A. W.;8.5;10-Feb-23;Standar sesuai harga. Parkiran sempit, tp ada valet service. So far so good lah.
Aad A. S.;8.5;29-Jan-23;Tempat strategis di tengah kota, staff ramah dan membantu, kamar bersih. Terima kasih.
HANRY D. S. B.;8.5;31-Dec-22;Dekat dengan mall Tunjungan Plaza. Jalan kaki aja sampai.
Farida A.;8.5;14-Dec-22;Hotelnya bersih, sarapannya enak, staf hotel ramah. Tempatnya di pusat kota dekat dengan pusat perbelanjaan, sangat strategis, memudahkan untuk akomodasi. Pengalaman yang menyenangkan ????.
Muhammad A. A.;8.5;01-Dec-22;Receptionist ramah, tempatnya Wangi, enak, nyaman, cocok buat transit atau kalau ada keperluan untuk menginap.
Tony N.;8.5;27-Nov-22;Hotel Bersih, Bagus, Kamar lumayan besar. Yang kurang nyaman Parkiran Kecil dan selalu bilang Full sehingga Parkir harus jauh dari Hotel. Benar ada Valley tetapi bila butuh sesuatu di Mobil jauh ambilnya.
kusuma d.;8.5;23-Nov-22;Kamar dan pelayanan baik. Hanya tempat parkir sedikit sulit, tp terbantu dengan valley parking.
Dana S.;8.5;18-Nov-22;Makanannya memang nggak banyak, tapi enak enak! Semua enak!
Tri J. S.;8.5;29-Mar-23;Bersih, terawat, makanannya juga lumayan enak. Masukannya: Ditambah colokan untuk ngecharge hp di samping ranjang.
Wahyu K.;8.5;27-Feb-23;Pengalaman menginap yang menyenangkan, recommended untuk menginap.
Aris A. W.;8.5;10-Feb-23;Standar sesuai harga. Parkiran sempit, tp ada valet service. So far so good lah.
Aad A. S.;8.5;29-Jan-23;Tempat strategis di tengah kota, staff ramah dan membantu, kamar bersih. Terima kasih.
HANRY D. S. B.;8.5;31-Dec-22;Dekat dengan mall Tunjungan Plaza. Jalan kaki aja sampai.
Farida A.;8.5;14-Dec-22;Hotelnya bersih, sarapannya enak, staf hotel ramah. Tempatnya di pusat kota dekat dengan pusat perbelanjaan, sangat strategis, memudahkan untuk akomodasi. Pengalaman yang menyenangkan ????.
Muhammad A. A.;8.5;01-Dec-22;Receptionist ramah, tempatnya Wangi, enak, nyaman, cocok buat transit atau kalau ada keperluan untuk menginap.
Tony N.;8.5;27-Nov-22;Hotel Bersih, Bagus, Kamar lumayan besar. Yang kurang nyaman Parkiran Kecil dan selalu bilang Full sehingga Parkir harus jauh dari Hotel. Benar ada Valley tetapi bila butuh sesuatu di Mobil jauh ambilnya.
kusuma d.;8.5;23-Nov-22;Kamar dan pelayanan baik. Hanya tempat parkir sedikit sulit, tp terbantu dengan valley parking.
Dana S.;8.5;18-Nov-22;Makanannya memang nggak banyak, tapi enak enak! Semua enak!
Sarfaraz;8.5;08-Nov-22;Pemandangan bagus overall oke cuma pintu kamar kurang safety.
Diah F. A.;8.5;02-Nov-22;Good Overall bagus Sesuai gambar
Diah F. A.;8.5;21-Oct-22;Mantaapp sih. Sesuai dengan gambarnya.
Erlina D.;8.5;26-Sep-22;Sangat memuaskan, semua oke, pelayanan kebersihan dan lain-lain, cuma sayang ga ada hairdry di tipe yang aku pesan.
Nila S.;8.5;12-Sep-22;(+) Kamar bersih lampu remang-remang enak buat tidur dekat toko oleh-oleh wisata rasa. (-) Toilet untuk tamu di lobby tidak pake semprotan dan hanya ada tisu. Tolong di perhatikan kita masih perlu bilas pake air ngga cuma tissue.
Arman G.;8.5;04-Sep-22;Pelayanan Oke, kamar bersih, resepsionis ramah.
Budi M. T.;8.5;22-Aug-22;Kamar luas bersih cuma penerangan lampu kamar kurang terang.
EVELYNE;8.5;20-Aug-22;Tempat strategis tengah kota, sangat dekat dengan Tunjungan Plaza dan mudah untuk kemana pun. Untuk ruangan cukup besar dan nyaman, kebersihan baik. Resepsionis pun ramah.
Bambang U.;8.5;16-Aug-22;Pelayanannya ramah, dan kamarnya bersih.
Andhika F. S.;8.5;01-Aug-22;Staff ramah, kamar bersih, AC dingin, menu sarapan enak, overall good.
Sarfaraz;8.5;08-Nov-22;Pemandangan bagus overall oke cuma pintu kamar kurang safety.
Diah F. A.;8.5;02-Nov-22;Good Overall bagus Sesuai gambar
Diah F. A.;8.5;21-Oct-22;Mantaapp sih. Sesuai dengan gambarnya.
Erlina D.;8.5;26-Sep-22;Sangat memuaskan, semua oke, pelayanan kebersihan dan lain-lain, cuma sayang ga ada hairdry di tipe yang aku pesan.
Nila S.;8.5;12-Sep-22;(+) Kamar bersih lampu remang-remang enak buat tidur dekat toko oleh-oleh wisata rasa. (-) Toilet untuk tamu di lobby tidak pake semprotan dan hanya ada tisu. Tolong di perhatikan kita masih perlu bilas pake air ngga cuma tissue.
Arman G.;8.5;04-Sep-22;Pelayanan Oke, kamar bersih, resepsionis ramah.
Budi M. T.;8.5;22-Aug-22;Kamar luas bersih cuma penerangan lampu kamar kurang terang.
EVELYNE;8.5;20-Aug-22;Tempat strategis tengah kota, sangat dekat dengan Tunjungan Plaza dan mudah untuk kemana pun. Untuk ruangan cukup besar dan nyaman, kebersihan baik. Resepsionis pun ramah.
Bambang U.;8.5;16-Aug-22;Pelayanannya ramah, dan kamarnya bersih.
Andhika F. S.;8.5;01-Aug-22;Staff ramah, kamar bersih, AC dingin, menu sarapan enak, overall good.
Ir Moch M. H. S.;8.5;22-Jun-22;Kamar bersih, bed untuk twin nyaman dan luas, view nya benar benar serasa di midtown Surabaya/pusat kota, dekat kemana mana.
yoga w.;8.5;05-Jun-22;Hotelnya bersih dekat pusat kota. Pelayanan semua ramah. Sukses selalu midtown hotel surabaya ??.
Dimmy J.;8.5;04-Jun-22;Nice. Nyaman juga. Recommended.
Dimmy J.;8.5;04-Jun-22;Baik. Menginap 3 malam staff ramah. Kamar bersih.
Hendra R.;8.5;23-May-22;Makannya enak, kamar nya OK lah.
Raman H.;8.5;22-May-22;Semuanya bagus, hanya parkir mobil terbatas di hotel jadi parkirkan oleh pallet ditempat lain dan nunggu lama saat check out untuk diambilkan mobil.
Hario P.;8.5;18-May-22;Hotel yang nyaman dan lokasi yang strategis di tengah kota. Makanan juga lumayan untuk harga yang diberikan.
Goes M.;8.5;11-Apr-22;Lokasi sangat strategis. Dekat dengan TP tinggal jalan kaki.
M P. A.;8.5;29-Mar-22;Rata-rata baik, pelayanan, lokasi, kenyamanan, hanya parkir saja yang sempit.
Adi D.;8.5;29-Mar-22;Overall baik, kenyamanan, kebersihan, lokasi, hanya parkir sempit. Untuk karyawan nampaknya banyak anak-anak baru sehingga perlu training.
Ir Moch M. H. S.;8.5;22-Jun-22;Kamar bersih, bed untuk twin nyaman dan luas, view nya benar benar serasa di midtown Surabaya/pusat kota, dekat kemana mana.
yoga w.;8.5;05-Jun-22;Hotelnya bersih dekat pusat kota. Pelayanan semua ramah. Sukses selalu midtown hotel surabaya ??.
Dimmy J.;8.5;04-Jun-22;Nice. Nyaman juga. Recommended.
Dimmy J.;8.5;04-Jun-22;Baik. Menginap 3 malam staff ramah. Kamar bersih.
Hendra R.;8.5;23-May-22;Makannya enak, kamar nya OK lah.
Raman H.;8.5;22-May-22;Semuanya bagus, hanya parkir mobil terbatas di hotel jadi parkirkan oleh pallet ditempat lain dan nunggu lama saat check out untuk diambilkan mobil.
Hario P.;8.5;18-May-22;Hotel yang nyaman dan lokasi yang strategis di tengah kota. Makanan juga lumayan untuk harga yang diberikan.
Goes M.;8.5;11-Apr-22;Lokasi sangat strategis. Dekat dengan TP tinggal jalan kaki.
M P. A.;8.5;29-Mar-22;Rata-rata baik, pelayanan, lokasi, kenyamanan, hanya parkir saja yang sempit.
Adi D.;8.5;29-Mar-22;Overall baik, kenyamanan, kebersihan, lokasi, hanya parkir sempit. Untuk karyawan nampaknya banyak anak-anak baru sehingga perlu training.
Devi P. M.;8.5;27-Mar-22;Deket banget sama TP, dengan harga segituu pelayanan ok semua.
Eka K. D. S.;8.5;07-Feb-22;Lokasi strategis, pelayanan memuaskan.
Dery H.;8.5;04-Feb-22;Keren. Receptionist nya ramah dan securitynya baik banget.
Yanti R. M.;8.5;14-Jan-22;All good, di tengah Kota, pokoknya bagus deh, tidak nyesel.
Ikhwan N. K.;8.5;02-Jan-22;Secera overall oke sihh, cuma untuk kamar mandi seharusnya ada kunci buat keamanan pintu tempat shower nya ??, selebihnya oke semua pelayanan oke ramah, breakfast juga enak masakan nya ??.
Yane M.;8.5;28-Dec-21;Kamar bersih, hanya saja untuk sprei dan selimut serba kusut semua, dan seperti tidak di ganti. Maaf ya ini mungkin bisa jadi masukan untuk lebih di tingkatkan lagi. Makasih.
Mohamad F. A.;8.5;16-Dec-21;Saya pesan untuk customer tp oke.
Didik W.;8.5;26-Nov-21;Kamar 506, air d ikamar mandi agak ngecembeng, kayaknya level floor nya ada masalah, overall sih hotel nya ok.
Zunaeni;8.5;22-Nov-21;Hotelnya bagus dan bersih, apalagi dekat banget sama TP jadi strategis banget.
Aning R.;8.5;13-Nov-21;Proses check in cepat. Kamar hotel juga nyaman. Letak hotel sangat strategis. Para staf juga ramah. Terima kasih.
Devi P. M.;8.5;27-Mar-22;Deket banget sama TP, dengan harga segituu pelayanan ok semua.
Eka K. D. S.;8.5;07-Feb-22;Lokasi strategis, pelayanan memuaskan.
Dery H.;8.5;04-Feb-22;Keren. Receptionist nya ramah dan securitynya baik banget.
Yanti R. M.;8.5;14-Jan-22;All good, di tengah Kota, pokoknya bagus deh, tidak nyesel.
Ikhwan N. K.;8.5;02-Jan-22;Secera overall oke sihh, cuma untuk kamar mandi seharusnya ada kunci buat keamanan pintu tempat shower nya ??, selebihnya oke semua pelayanan oke ramah, breakfast juga enak masakan nya ??.
Yane M.;8.5;28-Dec-21;Kamar bersih, hanya saja untuk sprei dan selimut serba kusut semua, dan seperti tidak di ganti. Maaf ya ini mungkin bisa jadi masukan untuk lebih di tingkatkan lagi. Makasih.
Mohamad F. A.;8.5;16-Dec-21;Saya pesan untuk customer tp oke.
Didik W.;8.5;26-Nov-21;Kamar 506, air d ikamar mandi agak ngecembeng, kayaknya level floor nya ada masalah, overall sih hotel nya ok.
Zunaeni;8.5;22-Nov-21;Hotelnya bagus dan bersih, apalagi dekat banget sama TP jadi strategis banget.
Aning R.;8.5;13-Nov-21;Proses check in cepat. Kamar hotel juga nyaman. Letak hotel sangat strategis. Para staf juga ramah. Terima kasih.
Hendrik S.;8.5;22-Oct-21;Hotel bersih, akses dekat kemana-mana, harga sesuai dengan fasilitas dan lokasi.
Helsy R.;8.5;19-Oct-21;Pelayanan memuaskan, kamar bersih, letak strategis.
Raka S. P.;8.5;11-Oct-21;Sangat memuaskan hotel yang cukup bersih.
Intan T. A.;8.5;03-Oct-21;Bintang 3 yang serasa bintang 5, paling bagus dikelas hotel bintang 3, sangat puas.
Akhyar A.;8.5;28-Sep-21;Kamar sangat nyaman didukung juga dengan view kota surabaya yang sangat indah khususnya saat senja ??.
Indri H.;8.4;14-Nov-22;Tempatnya strategis, bertetangga dengan toko oleh-oleh Wisata Rasa, Tunjungan Plaza dapat dijangkau hanya dengan berjalan kaki. Ruang kamar bersih. Sarapan biasa saja dengan tidak banyak variasi, susu dan cereal by request tapi ketika request pun susu tidak ada. Verry late check in, dari yang seharusnya kamar siap pukul 14:00, tapi baru siap pukul 15:30 dan kompensasi pun harus ditanyakan, bukan inisiatif pihak hotel. Semburan air shower kamar mandi tidak berfungsi dengan baik. Ukuran kamar mandi lebih sempit dibandingkan tipe groovy. Komunikasi antar bagian sepertinya kurang karena cleaning service tidak terinfo bahwa ada perpanjangan waktu sewa kamar.
Guest;8.4;30-Oct-22;Sayangnya parkiran mobil kurang sehingga harus valet dan waktu menunggu mobil diambil cukup lama.
D Ardani j.;8.2;20-Oct-22;Lokasi dan makanan ok yang kurang meja restaurant kurang bersih saat kami lap sendiri.
Al Lukman S.;7.1;02-Feb-22;Pertama saya ucapkan terima kasih untuk pihak hotel midtown. Karena, saya diberikan upgrade room dari groovy menjadi splendid dikarenakan full. Terima kasih sebelumnya. 1. Untuk service sangat ramah tetapi saat di receptionist pihak receptionist yang menjelaskan intonasi suaranya sangat kurang jelas, terlalu cepat, dan tidak menjelaskan dengan detail. 2. Untuk hak akses liftnya so far so good. 3. Untuk kamarnya karena saya mendapatkan upgrade room jadi kamarnya sangat luas karena hanya untuk ber 2. Kamarnya bersih. Peralatan mandinya juga lengkap. Handuk bersih. Ac tidak terlalu dingin saat sore karena suhu hanya dapat di angka 18 ° c tetapi it ' s oke karena saat malam tiba ac menjadi sangat dingin. 4. Kamar mandi bersih hanya saja agak kecil tapi engga ada masalah. Air panas aman. 5. Channel tv lumayan lengkap. Ada channel yang gambarnya kurang jernih. Untuk kamar atau ruangannya sangat puas. 6. Untuk makanannya sebenernya agak kecewa karena dengan harga seperti itu tetapi kualitas tidak seperti harga yang di tawarkan. Mungkin bisa lebih ditingkatkan lagi untuk menu makanannya dan untuk taste bisa disesuaikan dengan harganya. 7. Breakfast nya engga terlalu mengecewakan. Semuanya tersedia. Dan untuk tastenya cukup enak dibandingkan dengan pesan langsung yang ada di restonya. 8. Proses check in and check out cepat dan engga pake nunggu. 9. Lokasi hotel sangat strategis di karenakan tengah kota. 10. Request kami di apply dengan baik. Itu review dari saya. Mohon maaf jika ada salah kata. Saya lupa untuk tidak foto ruangannya dikarenakan kamarnya ketika datang sudah membuat saya nyaman. Terima kasih atas pengalamannya.
IRMA F.;7;14-Mar-22;Setrika harusnya di sediakan ada kalanya orang bisa pinjam. Kalo kebersihan sih oke2 aja deket sama pusat perbelanjaan.
Hendrik S.;8.5;22-Oct-21;Hotel bersih, akses dekat kemana-mana, harga sesuai dengan fasilitas dan lokasi.
Helsy R.;8.5;19-Oct-21;Pelayanan memuaskan, kamar bersih, letak strategis.
Raka S. P.;8.5;11-Oct-21;Sangat memuaskan hotel yang cukup bersih.
Intan T. A.;8.5;03-Oct-21;Bintang 3 yang serasa bintang 5, paling bagus dikelas hotel bintang 3, sangat puas.
Akhyar A.;8.5;28-Sep-21;Kamar sangat nyaman didukung juga dengan view kota surabaya yang sangat indah khususnya saat senja ??.
Indri H.;8.4;14-Nov-22;Tempatnya strategis, bertetangga dengan toko oleh-oleh Wisata Rasa, Tunjungan Plaza dapat dijangkau hanya dengan berjalan kaki. Ruang kamar bersih. Sarapan biasa saja dengan tidak banyak variasi, susu dan cereal by request tapi ketika request pun susu tidak ada. Verry late check in, dari yang seharusnya kamar siap pukul 14:00, tapi baru siap pukul 15:30 dan kompensasi pun harus ditanyakan, bukan inisiatif pihak hotel. Semburan air shower kamar mandi tidak berfungsi dengan baik. Ukuran kamar mandi lebih sempit dibandingkan tipe groovy. Komunikasi antar bagian sepertinya kurang karena cleaning service tidak terinfo bahwa ada perpanjangan waktu sewa kamar.
Guest;8.4;30-Oct-22;Sayangnya parkiran mobil kurang sehingga harus valet dan waktu menunggu mobil diambil cukup lama.
D Ardani j.;8.2;20-Oct-22;Lokasi dan makanan ok yang kurang meja restaurant kurang bersih saat kami lap sendiri.
Al Lukman S.;7.1;02-Feb-22;Pertama saya ucapkan terima kasih untuk pihak hotel midtown. Karena, saya diberikan upgrade room dari groovy menjadi splendid dikarenakan full. Terima kasih sebelumnya. 1. Untuk service sangat ramah tetapi saat di receptionist pihak receptionist yang menjelaskan intonasi suaranya sangat kurang jelas, terlalu cepat, dan tidak menjelaskan dengan detail. 2. Untuk hak akses liftnya so far so good. 3. Untuk kamarnya karena saya mendapatkan upgrade room jadi kamarnya sangat luas karena hanya untuk ber 2. Kamarnya bersih. Peralatan mandinya juga lengkap. Handuk bersih. Ac tidak terlalu dingin saat sore karena suhu hanya dapat di angka 18 ° c tetapi it ' s oke karena saat malam tiba ac menjadi sangat dingin. 4. Kamar mandi bersih hanya saja agak kecil tapi engga ada masalah. Air panas aman. 5. Channel tv lumayan lengkap. Ada channel yang gambarnya kurang jernih. Untuk kamar atau ruangannya sangat puas. 6. Untuk makanannya sebenernya agak kecewa karena dengan harga seperti itu tetapi kualitas tidak seperti harga yang di tawarkan. Mungkin bisa lebih ditingkatkan lagi untuk menu makanannya dan untuk taste bisa disesuaikan dengan harganya. 7. Breakfast nya engga terlalu mengecewakan. Semuanya tersedia. Dan untuk tastenya cukup enak dibandingkan dengan pesan langsung yang ada di restonya. 8. Proses check in and check out cepat dan engga pake nunggu. 9. Lokasi hotel sangat strategis di karenakan tengah kota. 10. Request kami di apply dengan baik. Itu review dari saya. Mohon maaf jika ada salah kata. Saya lupa untuk tidak foto ruangannya dikarenakan kamarnya ketika datang sudah membuat saya nyaman. Terima kasih atas pengalamannya.
IRMA F.;7;14-Mar-22;Setrika harusnya di sediakan ada kalanya orang bisa pinjam. Kalo kebersihan sih oke2 aja deket sama pusat perbelanjaan.
Ummi L.;6.9;01-Sep-23;Ada orang tiba-tiba masuk kamar kalo punya akses kamar berarti petugas hotel. Masih jam 9 belum waktunya check out.
Kiara A. F.;6.7;25-Jun-23;Kurang wort it, tempat parkir harus valet.
Rina K. S.;6.6;19-Nov-22;Sebenarnya hotelnya bagus, prime location, dan makanannya lumayan enak dan banyak pilihan untuk breakfast. Value for money deh pokoknya. Tapi kita nggak dapet kamar yang kita request (lantai tinggi), jadi dapetnya kamar lantai paling rendah, TV nya rusak dan gak ada colokan listrik di samping tempat tidur. Sepertinya ini kamar yang disediain untuk pemesan via aplikasi yang dapet harga miring deh. Soalnya kamar setipe di lantai atas-atasnya nggak begini. Tapi overall oke kok. Yaa ono rego ono rupo lah. ??.
Indra b. d. p.;6.5;03-Jul-22;Kamar nya termasuk kecil padahal menurut ukuran 19 m², brakefastnya waduh kacau rasa dan variasinya kurang banyak.
Stefanus A.;6.5;27-Apr-22;Kamar mandi tergenang air karena air sulit turun. Lampu kamar rusak / padam. Lift cuma 1 yang operasional dan sudah tua. Berderik dan bergetar saat digunakan. Lokasi bagus di tengah kota dan pelayanan ramah.
Setyawati L.;6.4;27-Jul-22;Adik saya nginep di sana, lantai kamar masih kotor, lampu penerangan dalam kamar kurang terang, karpet di lorong menuju kamar kelihatan kurang bersih dan parkir mobil susah. Yang lainnya oke, seperti pelayanan di front office, petugas parkir.
Lulu O.;6.3;24-Jun-23;Makanan nya, maaf, kurang enak. Sedikit varian nya. Harga hotel lumayan mahal padahal, fasilitasnya B aja.
May;6.3;27-Jun-22;Aku sama temenku gatel-gatel banget habis tidur di sana, tapi kayanya sprei/selimutnya ga diganti deh:(Kalau untuk yang lain lumayan lah.
Ghita A.;6.3;01-Mar-22;Staff nya ramah dan baik. Akses lokasi juga sangat strategis. Namun kebersihan kamar bisa dikatakan kurang, terlebih ada kecoak di toilet saat saya menginap di sana. Mohon diperhatikan lagi kebersihan nya. Terima kasih.
Candra K.;6.3;06-Dec-21;Overall oke, kamar bersih rapi, pelayanan ramah. Makanan enak meskipun menu standart. Cuma yang kurang mengenakkan bau di restoran dan parkir bawah tanah. Bau sangat tidak enak. Nafsu makan hilang.
Ummi L.;6.9;01-Sep-23;Ada orang tiba-tiba masuk kamar kalo punya akses kamar berarti petugas hotel. Masih jam 9 belum waktunya check out.
Kiara A. F.;6.7;25-Jun-23;Kurang wort it, tempat parkir harus valet.
Rina K. S.;6.6;19-Nov-22;Sebenarnya hotelnya bagus, prime location, dan makanannya lumayan enak dan banyak pilihan untuk breakfast. Value for money deh pokoknya. Tapi kita nggak dapet kamar yang kita request (lantai tinggi), jadi dapetnya kamar lantai paling rendah, TV nya rusak dan gak ada colokan listrik di samping tempat tidur. Sepertinya ini kamar yang disediain untuk pemesan via aplikasi yang dapet harga miring deh. Soalnya kamar setipe di lantai atas-atasnya nggak begini. Tapi overall oke kok. Yaa ono rego ono rupo lah. ??.
Indra b. d. p.;6.5;03-Jul-22;Kamar nya termasuk kecil padahal menurut ukuran 19 m², brakefastnya waduh kacau rasa dan variasinya kurang banyak.
Stefanus A.;6.5;27-Apr-22;Kamar mandi tergenang air karena air sulit turun. Lampu kamar rusak / padam. Lift cuma 1 yang operasional dan sudah tua. Berderik dan bergetar saat digunakan. Lokasi bagus di tengah kota dan pelayanan ramah.
Setyawati L.;6.4;27-Jul-22;Adik saya nginep di sana, lantai kamar masih kotor, lampu penerangan dalam kamar kurang terang, karpet di lorong menuju kamar kelihatan kurang bersih dan parkir mobil susah. Yang lainnya oke, seperti pelayanan di front office, petugas parkir.
Lulu O.;6.3;24-Jun-23;Makanan nya, maaf, kurang enak. Sedikit varian nya. Harga hotel lumayan mahal padahal, fasilitasnya B aja.
May;6.3;27-Jun-22;Aku sama temenku gatel-gatel banget habis tidur di sana, tapi kayanya sprei/selimutnya ga diganti deh:(Kalau untuk yang lain lumayan lah.
Ghita A.;6.3;01-Mar-22;Staff nya ramah dan baik. Akses lokasi juga sangat strategis. Namun kebersihan kamar bisa dikatakan kurang, terlebih ada kecoak di toilet saat saya menginap di sana. Mohon diperhatikan lagi kebersihan nya. Terima kasih.
Candra K.;6.3;06-Dec-21;Overall oke, kamar bersih rapi, pelayanan ramah. Makanan enak meskipun menu standart. Cuma yang kurang mengenakkan bau di restoran dan parkir bawah tanah. Bau sangat tidak enak. Nafsu makan hilang.
Ankie A. P.;6.2;06-May-22;Kamarnya Bagus, 0elayanannya Baik, hanya saja Parkirannya yang Kurang.
zendy p. k. p.;6.2;06-Apr-22;Kamar mandi ada kecoa kecil-kecilnya, telpon kabel agak kendor jadi susah kl buat telpon recep. Minta tolong buat antar pesanan gofood naik ke atas tidak mau n lama responnya.
Erwin;6.1;12-May-23;Sampai kamar saya pintu melompong/terbuka lebar, alasannya baru saja diperbaiki AC nya, tapi sangat mengejutkan dan tidak standard pelayanan hotel manapun. Akhirnya saya minta ganti kamar dan langsung dilayani. AC kurang dingin hanya anginnya saja kencang, tidak ada hairdryer, handuk bau pengap tidak layak dipakai, jendela kaca bagian luar sangat kotor tidak pernah dibersihkan, sayang saya sudah terlalu capai jadi tidak ambil foto-foto. Namun reception sangat cekatan dan helpful, saya minta ganti kamar langsung di respons dengan cepat.
Paul M. W.;6;17-Jul-22;Parkiran mobil terbatas dan harus valet parking. Mobil sampai tergores lecet. Parah!
Wahyu W.;6;05-May-22;Kami menginap 2 kamar, satu kamar jam 15.30 belum ready, sampai skg masih menunggu.
Sapri S.;6;23-Mar-22;Kamar ada kecoa kecil-kecil gitu. Jijik juga sih. Kasur-kasur ada bekas bercak gitu. Handuk bau apeek. Untuk yang lain pelayanan oke saja, walau agak lambat.
Jeffry A.;6;26-Nov-21;Proses CI cepat, tp nunggu kamar dibersihkan lebih dari 30 menit. Reception beralasan tamu banyak, proses CO khan jam 12.00. Saya CI pukul 14.25. Apakah itu sebuah alasan.
Ade V.;6;23-Oct-21;AC berisik bunyi nging nging, breakfast tidak enak, variasi sedikit menurut saya masih lumayan jika rasanya enak, kalau rasanya tidak enak ya lebih baik tidak menyediakan sarapan. Hotel ini hanya menjual keramahan staff, untuk fasilitas no.
Yuniar W. S.;5.8;07-Jan-23;Kebersihan kamar kurang, kamar agak bau. Biasa bisa request untuk 1bed, ternyata 1bed harus upgrade dan tambah biaya. Diresepsionis saya menitipkan makanan untuk dimasukan ke kulkas, dan sudah ditanya kamar nomor berapa. Tapi ternyata tidak dimasukan hanya disimpan di resepsionis dan pihak resepsionis menyalahkan saya kalau hanya dititipkan saja tidak bilang dikulkasin. Kalau saya hanya titipkan untuk apa? Toh saya juga menginap di situ, di kamar saya bisa simpan kalau tidak perlu di masukan kulkas. Akhirnya makanan saya basi semua tidak bisa dimakan dengan harga yang lumayan untuk makanan tersebut & tidak ada rasa bersalah untuk minta maaf kalau makanan saya tidak dikulkasin. Sangat mengecewakan, saya tidak ingin menginap di sini lagi.
Herwan C.;5.6;26-Nov-22;Sarung bantal dan selimut dan semua dan ranjang penuh rambut. Jaman covid gini seharusnya setelah tamu lain keluar sarung bantal dan selimut harus diganti baru, untuk tamu berikutnya. Kebersihan sangat kurang memuaskan AC ada sedikit bau. Salahnya nggak bisa kirim video.
Ankie A. P.;6.2;06-May-22;Kamarnya Bagus, 0elayanannya Baik, hanya saja Parkirannya yang Kurang.
zendy p. k. p.;6.2;06-Apr-22;Kamar mandi ada kecoa kecil-kecilnya, telpon kabel agak kendor jadi susah kl buat telpon recep. Minta tolong buat antar pesanan gofood naik ke atas tidak mau n lama responnya.
Erwin;6.1;12-May-23;Sampai kamar saya pintu melompong/terbuka lebar, alasannya baru saja diperbaiki AC nya, tapi sangat mengejutkan dan tidak standard pelayanan hotel manapun. Akhirnya saya minta ganti kamar dan langsung dilayani. AC kurang dingin hanya anginnya saja kencang, tidak ada hairdryer, handuk bau pengap tidak layak dipakai, jendela kaca bagian luar sangat kotor tidak pernah dibersihkan, sayang saya sudah terlalu capai jadi tidak ambil foto-foto. Namun reception sangat cekatan dan helpful, saya minta ganti kamar langsung di respons dengan cepat.
Paul M. W.;6;17-Jul-22;Parkiran mobil terbatas dan harus valet parking. Mobil sampai tergores lecet. Parah!
Wahyu W.;6;05-May-22;Kami menginap 2 kamar, satu kamar jam 15.30 belum ready, sampai skg masih menunggu.
Sapri S.;6;23-Mar-22;Kamar ada kecoa kecil-kecil gitu. Jijik juga sih. Kasur-kasur ada bekas bercak gitu. Handuk bau apeek. Untuk yang lain pelayanan oke saja, walau agak lambat.
Jeffry A.;6;26-Nov-21;Proses CI cepat, tp nunggu kamar dibersihkan lebih dari 30 menit. Reception beralasan tamu banyak, proses CO khan jam 12.00. Saya CI pukul 14.25. Apakah itu sebuah alasan.
Ade V.;6;23-Oct-21;AC berisik bunyi nging nging, breakfast tidak enak, variasi sedikit menurut saya masih lumayan jika rasanya enak, kalau rasanya tidak enak ya lebih baik tidak menyediakan sarapan. Hotel ini hanya menjual keramahan staff, untuk fasilitas no.
Yuniar W. S.;5.8;07-Jan-23;Kebersihan kamar kurang, kamar agak bau. Biasa bisa request untuk 1bed, ternyata 1bed harus upgrade dan tambah biaya. Diresepsionis saya menitipkan makanan untuk dimasukan ke kulkas, dan sudah ditanya kamar nomor berapa. Tapi ternyata tidak dimasukan hanya disimpan di resepsionis dan pihak resepsionis menyalahkan saya kalau hanya dititipkan saja tidak bilang dikulkasin. Kalau saya hanya titipkan untuk apa? Toh saya juga menginap di situ, di kamar saya bisa simpan kalau tidak perlu di masukan kulkas. Akhirnya makanan saya basi semua tidak bisa dimakan dengan harga yang lumayan untuk makanan tersebut & tidak ada rasa bersalah untuk minta maaf kalau makanan saya tidak dikulkasin. Sangat mengecewakan, saya tidak ingin menginap di sini lagi.
Herwan C.;5.6;26-Nov-22;Sarung bantal dan selimut dan semua dan ranjang penuh rambut. Jaman covid gini seharusnya setelah tamu lain keluar sarung bantal dan selimut harus diganti baru, untuk tamu berikutnya. Kebersihan sangat kurang memuaskan AC ada sedikit bau. Salahnya nggak bisa kirim video.
oppi s.;5.4;07-Nov-21;. Knalpot mobil saya copot dikarenakan diparkirkan petugas namun tidak ada penggantian.
Yanti R. M.;10;25-Jan-22;Semua bagus di pusat kota dan dekat mal tunjungab plaza.
Wikke I. C.;9.7;03-Jan-23;Saya memiliki pengalaman hebat tinggal di sini. Para pengelola hotel sangat ramah. Kamarnya nyaman.
Wahyuni C. K.;9.7;13-Nov-22;Terbaik! Staf Ramah. Keamanan bagus. Proses check in check out cepat.
Inggrid R.;9.7;05-Oct-22;Check in dan check out cepat, karyawan baik, kamar nyaman tapi agak kurang penerangan.
Sela A.;9.7;04-Oct-22;Semua staf sangat baik, kebersihannya luar biasa! Keamanan sangat membantu. Tepuk tangan untuk manajemen!
Ida B. M. D. I.;9.7;07-May-22;Hotel yang bagus dan layanan yang bagus terima kasih.
Anisa;9.7;09-Sep-21;Semuanya hebat di Midtown. Semua orang sangat membantu & ramah. Tentu akan kembali & akan merekomendasikan hal ini kepada teman-teman saya. Terima kasih Midtown!
Arief M.;9.4;11-Aug-23;Hotel ini benar-benar bernilai uang.
Ervina P.;9.4;09-Jul-22;Pengalaman bagus dan pemandangan indah. Terima kasih.
oppi s.;5.4;07-Nov-21;. Knalpot mobil saya copot dikarenakan diparkirkan petugas namun tidak ada penggantian.
Yanti R. M.;10;25-Jan-22;Semua bagus di pusat kota dan dekat mal tunjungab plaza.
Wikke I. C.;9.7;03-Jan-23;Saya memiliki pengalaman hebat tinggal di sini. Para pengelola hotel sangat ramah. Kamarnya nyaman.
Wahyuni C. K.;9.7;13-Nov-22;Terbaik! Staf Ramah. Keamanan bagus. Proses check in check out cepat.
Inggrid R.;9.7;05-Oct-22;Check in dan check out cepat, karyawan baik, kamar nyaman tapi agak kurang penerangan.
Sela A.;9.7;04-Oct-22;Semua staf sangat baik, kebersihannya luar biasa! Keamanan sangat membantu. Tepuk tangan untuk manajemen!
Ida B. M. D. I.;9.7;07-May-22;Hotel yang bagus dan layanan yang bagus terima kasih.
Anisa;9.7;09-Sep-21;Semuanya hebat di Midtown. Semua orang sangat membantu & ramah. Tentu akan kembali & akan merekomendasikan hal ini kepada teman-teman saya. Terima kasih Midtown!
Arief M.;9.4;11-Aug-23;Hotel ini benar-benar bernilai uang.
Ervina P.;9.4;09-Jul-22;Pengalaman bagus dan pemandangan indah. Terima kasih.
bathara a. s.;9.4;29-Dec-21;Tempat menginap yang bagus dengan pelayanan yang baik juga, kamarnya bersih tapi bantalnya agak tua. Secara keseluruhan OK.
Ayu C. L.;9.1;12-Sep-22;Hotel yang bagus di lokasi pusat di Surabaya. Cinta sarapan.
Reddy I.;8.8;20-Apr-23;Lokasi sempurna, perlu beberapa perbaikan untuk ruangan, karena mulai tidak terlihat segar lagi.
Andre R.;8.8;11-Jun-22;Staf sangat ramah, dan layanannya bagus.
Leryan P. S. P.;8.7;30-Mar-22;Sejauh ini bagus, beberapa bagian ruangan masih kotor, tapi tidak apa-apa, makanannya enak, pertahankan kerja bagusnya.
Yulia U.;8.5;26-Dec-22;Tetap bagus, kamar bersih, lokasi bagus.
Supriyadi H. S.;8.5;19-Jul-22;Saya 4 kali di sini. Suka untuk perjalanan bisnis. Lokasi yang nyaman.
Syarifah N. H.;8.5;23-Nov-21;Hotel yang Menakjubkan. Kami mendapat upgrade kamar gratis oleh Staf Manajemen Hotel. Pelayanan ramah oleh semua manajemen Staff hotel, sarapan enak. Kami menyukainya. Terima Kasih Banyak Midtown Hotel Surabaya. Lain kali kita akan kembali ke sini. Bravo.
Inamdar A. B.;5.2;20-Mar-22;1. Kamar mandi tidak memiliki pintu, baik terbuka maupun tertutup. Dan transparan, tidak cocok selain pasangan. 2. Waktu buka puasa harus diubah menjadi 6 menjadi 8. Dan bukan seperti yang mereka katakan 6 hingga 10 pagi. Dan jika ingin sarapan lengkap, tamu harus tidur di restoran bukan di kamar agar bisa mendapatkan sarapan pagi yang lengkap. Kalau tidak, jika pergi jam 8 pagi, semua kapal kosong. 3. Manajemen di restoran tidak profesional. 4. Hanya hal yang baik Adalah lokasi yang strategis. Istirahat tidak ada gunanya. 5. Sprei tidak diganti setiap hari. Sarung bantal bau kotoran. Lebih dari semua itu tidak layak. Kami tidak akan pernah tinggal lagi.
Erika E. U. G.;9.7;27-Aug-23;Location is very convenient. Room is clean, and well maintained. Foods are tasty. The guests next door were loud so a little bit annoying, and maybe just to check on room sound proof.
bathara a. s.;9.4;29-Dec-21;Tempat menginap yang bagus dengan pelayanan yang baik juga, kamarnya bersih tapi bantalnya agak tua. Secara keseluruhan OK.
Ayu C. L.;9.1;12-Sep-22;Hotel yang bagus di lokasi pusat di Surabaya. Cinta sarapan.
Reddy I.;8.8;20-Apr-23;Lokasi sempurna, perlu beberapa perbaikan untuk ruangan, karena mulai tidak terlihat segar lagi.
Andre R.;8.8;11-Jun-22;Staf sangat ramah, dan layanannya bagus.
Leryan P. S. P.;8.7;30-Mar-22;Sejauh ini bagus, beberapa bagian ruangan masih kotor, tapi tidak apa-apa, makanannya enak, pertahankan kerja bagusnya.
Yulia U.;8.5;26-Dec-22;Tetap bagus, kamar bersih, lokasi bagus.
Supriyadi H. S.;8.5;19-Jul-22;Saya 4 kali di sini. Suka untuk perjalanan bisnis. Lokasi yang nyaman.
Syarifah N. H.;8.5;23-Nov-21;Hotel yang Menakjubkan. Kami mendapat upgrade kamar gratis oleh Staf Manajemen Hotel. Pelayanan ramah oleh semua manajemen Staff hotel, sarapan enak. Kami menyukainya. Terima Kasih Banyak Midtown Hotel Surabaya. Lain kali kita akan kembali ke sini. Bravo.
Inamdar A. B.;5.2;20-Mar-22;1. Kamar mandi tidak memiliki pintu, baik terbuka maupun tertutup. Dan transparan, tidak cocok selain pasangan. 2. Waktu buka puasa harus diubah menjadi 6 menjadi 8. Dan bukan seperti yang mereka katakan 6 hingga 10 pagi. Dan jika ingin sarapan lengkap, tamu harus tidur di restoran bukan di kamar agar bisa mendapatkan sarapan pagi yang lengkap. Kalau tidak, jika pergi jam 8 pagi, semua kapal kosong. 3. Manajemen di restoran tidak profesional. 4. Hanya hal yang baik Adalah lokasi yang strategis. Istirahat tidak ada gunanya. 5. Sprei tidak diganti setiap hari. Sarung bantal bau kotoran. Lebih dari semua itu tidak layak. Kami tidak akan pernah tinggal lagi.
Erika E. U. G.;9.7;27-Aug-23;Location is very convenient. Room is clean, and well maintained. Foods are tasty. The guests next door were loud so a little bit annoying, and maybe just to check on room sound proof.
Aris B.;8.8;23-Jan-23;Location is close to Tunjungan Plaza within walking distance.
Rommy C.;8.8;07-Sep-22;Been staying here lots of time. Still the same. It is okay. Problem with water preasure. Shower was not that fun.
Yufendi Y.;8.5;19-Jul-22;Great time as always. Allowed to check in late due to my emergency needs.
Lucky M.;6.7;08-Aug-23;I am connecting wifi using my laptop, it is more than 4 hours in my room, it was in 1520. Also connecting the free wifi in the lobby, never took my laptop outside hotel. Checked in on 3 aug-> using lobby wifi to connect. 3 aug & 4 aug-> connecting using midtown wifi through my room. On the 4th aug late night my network wifi can not be access (it's gone from the pin) also I can not find it through network connection through setting, I can not open google chrome, but I can open my microsoft edge, I realized it still connected to internet but I can not surf down internet. My netflix also still on, so I make some conclusion that the wifi is not safe, or my laptop has been hijacked/hacked. I do not know what's happening, directly go for airplane mode and try to restore my previous system. Thankfully I got it right, reported to the reception when I checked out on the 5th august 2023. Asking them to ask the it for take some action, hopefully it won't happening for anyone else there. Okay! Rating for other than this. Room (clean & tidy): 9/10 (found a lil hair on the corner) sight view: i'm amazed. The glass kind of frameless for the size of that! Hotel entrance: need to fix, most taxi/sedan will have some difficulties to getting in the lobby. Hotel lobby: only first day I got check in have the welcome drink (it was nice cold ice tea) staff: friendly and helpful. Restaurant: tidy not really clean but you can not fight with nature (some flies comes and go) food: 7/10 (overcooked chicken, some veggies also overcooked) they have more than standard of varieties of food. And halal. Sambal: 10/10 (have a lot of varieties of sambal here) drink: 7/10 (bad coffee, great tea, they have traditional drink called jamu, water dispenser with infuse water, juice, and water).
Aris B.;8.8;23-Jan-23;Location is close to Tunjungan Plaza within walking distance.
Rommy C.;8.8;07-Sep-22;Been staying here lots of time. Still the same. It is okay. Problem with water preasure. Shower was not that fun.
Yufendi Y.;8.5;19-Jul-22;Great time as always. Allowed to check in late due to my emergency needs.
Lucky M.;6.7;08-Aug-23;I am connecting wifi using my laptop, it is more than 4 hours in my room, it was in 1520. Also connecting the free wifi in the lobby, never took my laptop outside hotel. Checked in on 3 aug-> using lobby wifi to connect. 3 aug & 4 aug-> connecting using midtown wifi through my room. On the 4th aug late night my network wifi can not be access (it's gone from the pin) also I can not find it through network connection through setting, I can not open google chrome, but I can open my microsoft edge, I realized it still connected to internet but I can not surf down internet. My netflix also still on, so I make some conclusion that the wifi is not safe, or my laptop has been hijacked/hacked. I do not know what's happening, directly go for airplane mode and try to restore my previous system. Thankfully I got it right, reported to the reception when I checked out on the 5th august 2023. Asking them to ask the it for take some action, hopefully it won't happening for anyone else there. Okay! Rating for other than this. Room (clean & tidy): 9/10 (found a lil hair on the corner) sight view: i'm amazed. The glass kind of frameless for the size of that! Hotel entrance: need to fix, most taxi/sedan will have some difficulties to getting in the lobby. Hotel lobby: only first day I got check in have the welcome drink (it was nice cold ice tea) staff: friendly and helpful. Restaurant: tidy not really clean but you can not fight with nature (some flies comes and go) food: 7/10 (overcooked chicken, some veggies also overcooked) they have more than standard of varieties of food. And halal. Sambal: 10/10 (have a lot of varieties of sambal here) drink: 7/10 (bad coffee, great tea, they have traditional drink called jamu, water dispenser with infuse water, juice, and water).
